_id,_name,_region,_time,_text,_followers,_reposts,_comments,_likes
2992050891,北京时间,Unknown,02/09/2024,【】9月2日，王楚钦被徐嘉余和常园投喂自己做的冰皮月饼。王楚钦直呼：一个比我高，一个我打不过，一直往我嘴里塞！网友：饼也吃了状也告了，看来没少跟游泳队在一起。,1008万,24,26,391
7299839954,Kalopsia__,新加坡,02/09/2024,妈耶 见到鲜活的乒人了😭我们国乒喜欢看 下次让我们坐第一排观看好吗,13.1万,135,23,1371
7575030448,白鹿视频,Unknown,02/09/2024,【】 9月2日， 更新社交平台，配文称：“好笑也好吃”，视频中徐嘉余亲手喂王楚钦吃月饼。随后， 在这条博文评论区留言互动：“我们两清了”。,359.1万,29,34,1739
6360036018,炸洗你不解释,福建,02/09/2024,我们大名超好听！！！,28.7万,163,66,2153
6281619199,S1nsolEdadys,山东,02/09/2024,孙颖莎作为在乒乓球领域已经足够优秀的女运动员 一直以来独立清醒强大 连作为亚洲代表吹灭圣火这样的大场面都没怵过 又怎么会因为无良主持人冒犯的提问而慌张 有的只是无奈和不理解 希望各方放过孙颖莎吧 混双从来不是孙颖莎的全部,19.7万,11,20,997
5741537147,触碰过魔法,山西,02/09/2024,莎头澳门互动太逗，莎莎一个眼神大头赶紧找话筒，大头说自己头大。孙颖莎 王楚钦 莎头组合,19万,14,3,364
2706887834,可爱赛高哩,上海,02/09/2024,我zhei比你猛！,25.9万,122,39,373
3902200955,一句有用的都别说,山东,02/09/2024,乱吃东西😕,15.7万,194,37,294
3314422837,首都一橘,北京,02/09/2024,王楚钦日记：9月2日 晴 因为听泳队唱《孤勇者》笑得太大声，被甲鱼邀请品尝他自己做的月饼，神农尝百草了。。,223.9万,245,98,4668
1904947977,天山网,Unknown,02/09/2024,9月2日，澳门。 硬控 试吃自己做的月饼。奥运健儿走进澳门，王楚钦也e了起来，不是我说，你们奥运选手别太有节目了🤣🤣🤣 赛场上认真比赛，赛场外可可爱爱，奥运健儿们，为你们喝彩！,206.4万,47,15,637
1496862394,中国体育,Unknown,01/09/2024,巴黎奥运会乒乓球混双冠军 和羽毛球混双冠军 同框合影！,767.4万,50,42,2666
5374094651,W-6005游戏分享,山东,02/09/2024,这一步跨得不带一点犹豫的，属实把我看爽了，俩小孩喊的声音最亮！孙颖莎 王楚钦 莎头,56.6万,6,8,322
6221932120,直新闻,Unknown,02/09/2024,2日，内地奥运健儿走进澳门社区。徐嘉余和常园喂了王楚钦亲手做的月饼，王楚钦大喊：“他们拿我“试毒”呢！”但后来又说：“月饼很好吃！”,146.8万,420,203,7225
1859841950,不拿拿香蕉猫,上海,02/09/2024,来自澳门特报，一起吃冰皮月饼 提前过中秋孙颖莎 王楚钦,15.9万,19,6,658
7702307494,My体育梦,河北,01/09/2024,“爱这东西并不复杂，你感受得到它存在那就是存在！”,25.9万,112,30,1919
3197845214,王楚钦___,Unknown,31/08/2024,,663.4万,1192,8461,105437
2853206794,静顔浅忆,山西,02/09/2024,国家队各有各的小节目，离了各位谁来逗我们国乒队笑啊！樊振东 孙颖莎 马龙 王楚钦,51.9万,267,60,12615
6130734749,娱体小本子,山西,02/09/2024,莎头这个默契和心有灵犀一样！王楚钦孙颖莎 莎头组合,15.3万,8,0,593
6808905248,4K体育,山东,02/09/2024,这一段能一直盘，混双有四个人两名男选手两名女选手哈哈哈哈哈哈谁懂啊！难道没人注意，莎莎是说到王楚钦三个字的时候，声音特颤抖！我觉得莎莎在拖延时间，她慌了，没想好怎么回答。所以她一开始不接话筒还存着侥幸心态让大头答，陈清晨给她递话筒时故意逗她，她假装生气找借口不接话筒，等话筒递在嘴边不得不答时，她才拿过来话筒。然后还隔几个人给大头使眼色，让大头答。主持人点名让她先答，还说不要害羞，没办法了，她就找话筒毛病掩饰慌乱。主持人说了，话筒是打开着的，她没有直接说，而是把球拍往胳膊下一夹，打话筒。,37万,26,10,270
7211561239,央视频,Unknown,02/09/2024,【】31日晚，内地奥运健儿代表团澳门联欢晚会。，说：混双项目非常需要配合与沟通。：在比赛中，两个人是一体的，无论谁失误都会说没关系。有一些语气词，是给自己打气的一种方式。来央视频看完整版→（央视频号：5@体坛）,440.8万,26,23,540
6320391439,咪咕体育,Unknown,01/09/2024,，国乒天团，羽坛双骄在大炮台合影成功！,989.1万,228,169,11681
7818564959,喜小椰北,广东,02/09/2024,孤勇者 楚钦reacation（背面版）真的太好笑了🤣,5506,19,10,187
5768242207,小蛋SZ,河南,01/09/2024,莎头混双的一个小采访～,26.9万,172,46,5689
2028810631,新浪新闻,Unknown,01/09/2024,【】9月1日，澳门，潘展乐、张雨霏等游泳队队员在联欢晚会上合唱《孤勇者》。台上，潘展乐自己笑场。台下，王楚钦爆笑。网友：六人六色，这是真的“孤泳者”！,1.06亿,164,74,4260
5626738766,feedingapiggynamedshasha,浙江,02/09/2024,不装了 我磕双莎,14.1万,3,6,415
5966949544,HOPE拽头,江苏,02/09/2024,哈哈哈！新朋友间的相处模式昨天笑的开心！咋就马上知道了呢？我头告状也好可爱,11.5万,19,7,495
2960600157,小娱圈圈,上海,02/09/2024,澳门真是莎头福地！莎莎八年来的第一次执头失败也是让澳门碰上了 莎头 王楚钦 孙颖莎 国乒,16.4万,42,15,374
7808874635,Hope_共赴千山,山西,02/09/2024,快乐的时光~常联系,6.8万,3,3,81
5560898744,低调尊,江苏,02/09/2024,孙颖莎王楚钦樊振东全红婵陈芋汐谷爱凌|尊分享|莎头有自己的结界【看台篇】世界纷纷扰扰，莎头岁月静好原来美好可以这么具象化💕,18.9万,26,1,151
7799872068,苏酿酿呀,江西,01/09/2024,王楚钦为妹妹崔宸曦狠狠打call！完了等妹妹展示的时候还赶紧站起来拍视频，整个国乒好像都被他带得集体宠妹妹，毕竟是自己认真带了好几天的娃啊～,14.6万,28,13,722
7799872068,苏酿酿呀,江西,01/09/2024,王楚钦为妹妹崔宸曦狠狠打call！完了等妹妹展示的时候还赶紧站起来拍视频，整个国乒好像都被他带得集体宠妹妹，毕竟是自己认真带了好几天的娃啊～,14.6万,28,13,722
6001498532,脸滚键盘乱起名,河北,02/09/2024,搞不懂一直骂王楚钦的啥意思？能不能做个人？骂人家为国争光的运动员 给人家提鞋都不配呢还骂上了,4.2万,0,13,94
5186574884,对你我天真了,辽宁,01/09/2024,｜ 新鲜头哥 真是应了那句话 每天睁眼闭眼就是刷 根本出不来呀,12.1万,93,137,3077
5248334940,一只奶拽奶拽的头头鹅,广西,02/09/2024,王楚钦be like：,12.7万,0,1,75
7395713087,体坛小猪君,山西,01/09/2024,你乒粉丝这么搞，让正主无法做人啊大家美美合照，开开心心拍Vlog不好吗？你们这样搞谁敢找你乒要合照，拍视频啊。。。艺术体操奥运会的王澜静和丁欣怡因为和马龙王楚钦合影以及互动，被王的CP粉骂到清空了账号……,39万,6,21,97
3083675764,体坛星闻社,北京,01/09/2024,合照来啦！乒乓球混双冠军：孙颖莎/王楚钦羽毛球混双冠军：郑思维/黄雅琼,130万,62,35,3170
6562077482,幼儿园头学研究者,江苏,02/09/2024,哈哈哈哈，我宝被强行喂月饼了,3616,0,4,188
3040182201,荒烟蔓草的从前,陕西,01/09/2024,有一说一，王楚钦运气确实不好。樊振东32强对手是黄镇廷，王楚钦32强对手是莫雷高德。欧洲第一人的莫雷高德实力完爆省队30+老将黄镇廷，王楚钦可惜了！,35.7万,3,230,3580
6174509848,澳門日報,Unknown,02/09/2024,国家奥运健儿代表团多名运动员今日上午10时到访街总石排湾社区服务中心，多名街总负责人及会员、长者在场迎接，欢迎一行人。代表团约20名成员到访中心，包括国家体育总局科教司司长陈志宇，乒乓球混双冠军孙颖莎、王楚钦，羽毛球混双冠军郑思维、王雅琼等。运动员进入中心前与在场居民、传媒打招呼。他们分成两批，与在场长者及人士一同制作中秋月饼、玩游戏、合照、签名留念，互动气氛活跃欢乐。,13.8万,10,4,164
5186574884,对你我天真了,辽宁,01/09/2024,｜ 新鲜头哥 真是应了那句话 每天睁眼闭眼就是刷 根本出不来呀,12.1万,93,137,3079
5248334940,一只奶拽奶拽的头头鹅,广西,02/09/2024,王楚钦be like：,12.7万,0,1,75
7395713087,体坛小猪君,山西,01/09/2024,你乒粉丝这么搞，让正主无法做人啊大家美美合照，开开心心拍Vlog不好吗？你们这样搞谁敢找你乒要合照，拍视频啊。。。艺术体操奥运会的王澜静和丁欣怡因为和马龙王楚钦合影以及互动，被王的CP粉骂到清空了账号……,39万,6,21,97
7326678120,呆帝进行时-,山东,02/09/2024,斯密吗喽，差点看成谈了两年了，给我吓一跳,1943,1,5,103
3083675764,体坛星闻社,北京,01/09/2024,合照来啦！乒乓球混双冠军：孙颖莎/王楚钦羽毛球混双冠军：郑思维/黄雅琼,130万,62,35,3170
6995478709,带我穿越次元壁,山西,02/09/2024,补药两清啊，甲鱼哥下次带我们头头游泳 ，啊啊啊，我的钦余年be了（bushi,1.2万,0,1,51
6344473358,吴同的体育写作本,比利时,01/09/2024,实际上，相比于孙颖莎，这次 ，其他国乒所有冠军成员，包括马龙，樊振东，陈梦，王曼昱，王楚钦，都非常低调，表现得随大流，跟从集体，没有那么多热搜发言。但奇怪的是，热搜发言最多的孙颖莎，成了最讲集体主义的人。奇怪的前提是没看过《新来的小石柱》,5.8万,3,189,818
3202217467,谢谢你的笑声,广东,02/09/2024,永远留下美好的回忆，散发着洋溢的青春，奋斗的青春，幸福也就如此！王楚钦孙颖莎 国乒,37.4万,4,6,74
2583001030,华俊竹de微博,广东,02/09/2024,00后绝对是非常自信的一代人！从参加完巴黎奥运会访港期间的表现就能看出，很多00后运动员非常松弛自然，不管什么场合没有任何拘束，落落大方，不装不作。他们该吃吃，该喝喝，该玩玩，该睡就睡。他们这一代极有可能就是超越美国的一代人。,59.1万,2,3,88
5255371131,燃总拿捏水位,中国香港,02/09/2024,：跨坐文物引发网友不满9月1日，王楚钦在澳门游览古炮台时因跨坐在文物上拍照引发争议。照片中，他双脚踩在炮台轮轴上，留下了“到此一游”的打卡照。不少网友认为这一行为非常不妥，与不文明游客的行为相似，尤其是在面对承载历史价值的文物时，显得格外不尊重。此外，王楚钦的粉丝为其辩解的言论也引发更多批评。有网友担心他的行为会引发不良示范，希望王楚钦作为公众人物能意识到自己的责任，向社会传递正能量。网友还指出，他在活动中与女队员的肢体互动也引发了一些不必要的争议。希望王楚钦能够认识到自己的行为问题，并及时道歉，引导粉丝理性对待。作为国家代表，竞技成绩固然重要，但文化修养与行为规范同样不可忽视。,98.9万,36,167,1111
7439517909,吟墨香-,江西,02/09/2024,这三位简直是古希腊掌管挨骂的神孙颖莎不爱化妆被骂吴艳妮化妆被骂王楚钦打扮不打扮都被骂简直是挨骂圣体,10.7万,0,12,62
6616719538,桑苧ning,贵州,02/09/2024,国乒这套黑色队服真的是天花板，马龙 王楚钦 王皓 林高远 樊振东五人组压迫感好强，黑色是统治区,35.9万,0,1,60
1256363904,顶流颜究社,广东,02/09/2024,王楚钦发文后许昕给他评论了，网友非常时宜的给把他P上去了,503.8万,29,39,255
2286908003,人民网,Unknown,31/08/2024,【国乒整活！】越看越不对劲，为什么 和 离镜头近，球拍倒显得更小了？原来他们在用迷你球拍与香港队球员切磋,8544.1万,42,43,919
3807127305,还没想好明年再说吧,安徽,02/09/2024,王楚钦 你这几天可爱的有点过分辣！！！,1791,0,5,104
3835686439,吕月哎哟,江苏,02/09/2024,问王楚钦 他知道 哈哈哈,353,3,13,233
5531760844,瞬息宇圈的少年,上海,02/09/2024,游泳队唱歌给哥几个乐完了～数数大头笑出来几颗牙～原来游泳队唱歌 盛李豪打羽毛球 都是要命的！,18.7万,6,5,70
1514696174,温柔的夜11,江西,02/09/2024,记者们不要再消费这些运动员了，别人又不是学新闻专业的。,2.2万,0,23,116
6227091654,南方不热V,安徽,02/09/2024,女方本人已澄清 女方朋友 体能教练 队医都澄清了还一直扒拉着女同事 问过女同事的意愿吗？磕cp的 尊重过孙颖莎吗？🤮,181,3,38,772
1623340585,河北日报,Unknown,01/09/2024,【】9月1日，内地奥运健儿代表团与澳门青少年运动员交流对话， 上台与澳门青少年运动员切磋球技，“莎头组合”再次亮相！,394.3万,2,1,85
7598265389,头牌五花肉,重庆,31/08/2024,📷大家都喜欢找头头合照🥰,21.4万,303,251,6005
6130200580,嗯啊啊一一,上海,02/09/2024,因为当着王楚钦老婆的面回答这么尴尬的问题啊，都怪王楚钦和陈梦这两口子天天呆在下水道里不愿意出来。,2万,23,110,1466
7530157662,洋洋得意的小明,河北,02/09/2024,400人讨论度，是如何上热22的？孙颖莎没惹任何人，放过她行吗？孙颖莎多次澄清，和男方只是搭档，只是搭档，请不要再消费女运动员了！一定要提这对搭档吗？那看看解说是如何提到这对混双搭档的决赛旅程吧。,2万,48,58,1108
3584398332,红枣泡枸杞我是小仙女,天津,02/09/2024,不要再拉低女运动员格局，孙颖莎只是尴尬大家看不出来吗？cpf能不能放过孙颖莎,13.8万,2,3,464
7443904883,四个字俩点,广东,02/09/2024,你说谁慌张？？,3.3万,7,8,593
7034939772,资深观众王小鸭,浙江,01/09/2024,奥运健儿港澳行的乐子含金量还在上升啊啊啊啊啊啊好看爱看请继续……！！《樊振东贴脸开大盛李豪用羽毛球拍应援》《们泳队倾情献唱孤勇者六人六调》《人鱼上岸嗓子换腿》《国乒队场下reaction也很精彩》《龙道一全垫音拉完了整首rap》《雅琼姐说结婚要请盛李豪去打羽毛球》/,427.2万,412,113,3889
7617793184,UnBouquetDeSoleils,河北,02/09/2024,不觉得有任何可以玩笑的点中国首位女航天员刘洋采访被问“您可不可以聊一聊您背后的男人，他是什么样的人呢？”电影采访中男演员可以被提问专业相关问题但是留给女演员的总是“您是如何平衡好家庭与工作的？”为中国拿下历史第一枚混双金牌、拿下两金一银成为中国队奖牌榜第一、闭幕式担当亚洲代表的孙颖莎要被记者提问“你是怎么安慰鼓励你的混双搭档的？”然后还要被观众起哄、被主持人故意解读调侃女性不是职场背景板，她们不是身边男同事男搭档的附庸，她们应该被看见被尊重，值得更专业的提问，请聚光灯专注女性本身！关于男同事的相关问题，孙颖莎早已回答：“我还要准备下一场比赛。”,7.8万,191,151,4373
2803301701,人民日报,Unknown,01/09/2024,【收藏！】继续发布奥运会运动员荣耀心声海报。这是↓↓：“体育能够增强体魄、磨练心智，是一个人成长中非常重要的一环。”：“球没有落地，不会放弃每一分。”：“有收获也有遗憾，将带着目标向下个周期发起冲击。”：“终点不一定是成功，但过程一定要拼命。”：“我成功了！中国男子举重第一次在奥运会大级别中拿到冠军！”更多↓↓为他们加油！,1.54亿,549,844,27382
7621889667,头头真棒啊,广东,02/09/2024,20240902澳门社区行一点记录,24.4万,53,27,333
3584398332,红枣泡枸杞我是小仙女,天津,02/09/2024,不要再拉低女运动员格局，孙颖莎只是尴尬大家看不出来吗？cpf能不能放过孙颖莎,13.8万,2,3,464
7443904883,四个字俩点,广东,02/09/2024,你说谁慌张？？,3.3万,7,8,593
6344488668,亲一口鲨鲨,海南,02/09/2024,孙颖莎自己发文澄清被说不是本人写的，身边朋友教练澄清被开除朋友籍，怎么这么吓人和传xiao一样究竟背后是谁在谋划引导,6.4万,2,16,392
2632236847,香港文匯網,Unknown,31/08/2024,欢迎再来香港呀,204.5万,113,127,11252
6778288636,Sunnys西瓜,江苏,02/09/2024,孙颖莎杭州亚运会开幕式宣誓代表，巴黎奥运会闭幕式亚洲代表这两大场面都见过的人，你跟我说她慌张闹着玩儿呢，那是抗拒，无语➕无奈吧,9万,8,19,324
1629359974,二火山,北京,01/09/2024,本来昨天刷了一天奥运健儿访港挺开心的，一早上醒来又被粉圈给整恶心了，我们艺术体操的王澜静和丁欣怡小妹妹因为和王楚钦合了张影，就被莎头粉骂人家爱蹭、有心机，看人女生漂亮怕威胁到自家的CP，各种猜测泼脏水，搞得两个人都清空了自己的小红书账号…,205.2万,97,304,3050
5597194563,呱娱,河北,02/09/2024,郑思维的吃播却暴露了莎头的对话内容，王楚钦很幸福啊，吃海鲜过敏被好搭档孙颖莎时刻惦记着。但是怎么觉得大头不满意搭档两个字啊！来吧，头哥，展开说说，你跟莎宝啥关系啊！我们好想知道啊,31.1万,38,30,308
7827519312,元宝团子好杮朵朵,广东,31/08/2024,视频有点长但都是干货 🤝 cr.见水印 向全世界安利 #没见过系列,14.1万,107,65,2000
5765103925,左右眼最遥远,江苏,01/09/2024,陈梦王楚钦什么时候官宣，搭档和对手是一对下水道夫妻，我们小莎的职场环境不是一般恶劣啊,177,1,80,415
6633875713,頭号粉丝Zzzz,四川,02/09/2024,你快乐所以我也快乐🥰,5.3万,4,1,96
6478526806,体界风云,四川,01/09/2024,返校看到的，就说学校你也太会了，我喜欢，这样也可以让更多的孩子了解运动员，激励孩子们 全红婵 马龙 盛李豪 黄雨婷 潘展乐 孙颖莎王楚钦,76.3万,5,12,142
6326673477,触碰过锦鲤,山西,01/09/2024,哥哥姐姐宠娃都不示弱😄赶紧站起来给妹妹打气拍视频！王楚钦 孙颖莎 莎头组合,16.7万,31,12,2875
5325629112,翠门毒球,江苏,01/09/2024,小朋友总是天生会亲近能给予安全感的人或者事物呢 小妹妹们喜欢粘着楚钦哥哥 当然是因为他人好又帅 宠着小妹妹们咯 单说他欠是不是以偏概全了？？？,6.4万,29,30,1476
3202217467,谢谢你的笑声,广东,01/09/2024,下午逛景区了！头子和雅琼姐取经那嘛？洛杉矶会不会多一钻？王楚钦孙颖莎 莎头,37.4万,51,13,1530
5507836092,橙新聞,Unknown,01/09/2024,【｜国家队代表团与600名澳门运动员交流，全红婵潘展乐等分享经验】巴黎奥运内地健儿代表团昨结束港访行程，转往澳门，今天进行访澳第二天活动。国家队代表团上午在凼仔奥林匹克体育中心与澳门青少年运动员互动交流，分享运动员生涯心得。全红婵回应提问时指，在训练过程中遇到失败时不能着急，要和教练多沟通，慢慢解决问题。在奥运打破世界纪录夺金的潘展乐指，目前首要防止伤病，接下来希望能够再突破100米自由泳，让全世界、包括他自己，看到人类在这个项目的极限。,66.7万,3,6,262
7321095940,旋转木马和萌萌莎,河北,01/09/2024,艺术体操的妹妹被骂问题出在cp粉身上？本末倒置吧cp粉还能嗑是为什么？不是因为孙颖莎发了微博自己和王楚钦只是搭档和朋友王楚钦不紧接着马上配合表态吗？王楚钦要是也马上站出来澄清双方关系明确表示是的，我和孙颖莎是并肩作战的搭档和好朋友谁还能打着孙颖莎cp粉的幌子去骂其他女孩子？把孙颖莎推到风口浪尖引起孙颖莎和其他女性雌竞和对立男方却美美隐身以交友自由自己是受害者姿态自居请问孙颖莎凭什么受此无妄之灾？她已经澄清了和王楚钦只是搭档和朋友关系了OK？没在孙颖莎明确表态双方只是搭档和好友关系后紧接着一起表态的是王楚钦关孙颖莎什么事？欺人太甚！欺人太甚！欺人太甚！,4397,0,6,98
5325629112,翠门毒球,江苏,01/09/2024,小朋友总是天生会亲近能给予安全感的人或者事物呢 小妹妹们喜欢粘着楚钦哥哥 当然是因为他人好又帅 宠着小妹妹们咯 单说他欠是不是以偏概全了？？？,6.4万,29,30,1476
7806688256,开心猫猫派,湖南,02/09/2024,看过孙颖莎比赛的人都知道，孙颖莎有一颗在落后情况下仍然松弛果敢的“大心脏”。而不是为了嗑cp胡乱解读孙颖莎的微表情，到底是慌乱还是对无边界问题的反感大家都看得出来。,6695,5,3,284
7250269241,乌梅焦糖冰,浙江,02/09/2024,正常的问题 正常的回答 不正常的恶意解读 不正常的挑拨离间 不如多关注一下王楚钦孙颖莎接下来的比赛以及祝两位今天上午的澳门之行继续玩儿的开心😃,9.8万,2,3,328
1808241905,锅包肉包小豆包,河北,01/09/2024,王楚钦孙颖莎港澳行开心就好一起开心,21.5万,37,5,658
1778758223,新浪看点,Unknown,01/09/2024,昨天大家说王楚钦的vlog没有王楚钦，今天他就自拍了很多，“那我自拍吧”“是这样吗”，他真的有在学，看得我心软软！,3144.3万,4,14,371
6609266566,怡梦繁星Fei,广东,02/09/2024,逗笑整个国乒教练和运动员只需要一个盛李豪和游泳队！台上游泳队: 唱的很认真，台下国乒队: 笑的很猖狂，王楚钦 樊振东你俩笑的最欢，你俩留下来,18万,0,10,54
7186325875,十一月初三Vera,浙江,01/09/2024,哈哈哈哈今天真的爆炸开心，可以美美入睡了,2.2万,30,13,844
6441203794,紫枫林颖,浙江,02/09/2024,闲的没事多看看莎莎这次香港行演讲，采访，还有央视面对面，亚洲唯一女性代表，23岁奥运3金2银，她的成绩有目共睹，都是一拍拍用成绩打到我们面前。莎莎不需要任何捆绑营销，她自身就足够优秀，个人魅力和满满正能量，值得更多的人喜欢。,2.8万,1,3,238
7670162388,宇宙中孤独且稀有的小星星,黑龙江,01/09/2024,"我相信莎头已经一拍两散了，如你们所愿孙颖莎和王楚钦在这次奥运代表团访港中，除了官方活动安排，私下里，走不能走一起，站不能站一起，坐不能坐一起，竟避嫌到如此程度。网友们只能在其他奥运冠军的plog,vlog里寻觅他们的蛛丝马迹在大头的微博和逗音里，只有男乒的合照，没有任何莎莎的影子。在莎莎的plog里，主要也是晒合影，好在在一角给大头露了个脸。以往俩人都是形影不离，有说有笑。这次访港，却不敢出来营业。最好的搭档和朋友，就这样?管它是不是真的CP，作为国乒一员，我们女队和男队连张像样的大合影都没有，我们混双第一块金牌组合，在如此欢聚的时刻，私下里都不值得合影留念下吗？看看人家游泳队、跳水队、射击队等等，我们国乒非要显得如此刻意，如此避嫌吗？原来莎莎最好的朋友和搭档是李爷爷",11.3万,15,67,409
6191604322,李小粥的茶水间,广东,01/09/2024,中国代表团健儿们的访港之行，最大的意外贡献，居然向大众展现这年头极少见的，明星名人们的「真人味儿」，冠军们可以肆无忌惮的玩笑，像普通年轻人一样喝奶茶、合照摆怪动作，没有束缚的拍视频发vlog，不怕被过度解读的在评论区相互留言，尤其在内地明星们已经没有真人、社交平台全是通稿和废话、连上个真人秀综艺都全是剧本，这样的背景下，更加凸显体育明星们真实自我的可贵。现在对名人明星言行的要求确实够高的，往好了说，是让他们自身作则、做好示范表率，但弊端就是，全员带着面具、所有发言都是演戏，极其无聊。也只有奥运冠军们身上的光环，和为国争光后换来的特定舆论豁免权，才带来一股如沐春风般的、真实的、有人味儿的青春风气。,102.7万,10,13,226
6609266566,怡梦繁星Fei,广东,02/09/2024,逗笑整个国乒教练和运动员只需要一个盛李豪和游泳队！台上游泳队: 唱的很认真，台下国乒队: 笑的很猖狂，王楚钦 樊振东你俩笑的最欢，你俩留下来,18万,0,10,54
7186325875,十一月初三Vera,浙江,01/09/2024,哈哈哈哈今天真的爆炸开心，可以美美入睡了,2.2万,30,13,844
6441203794,紫枫林颖,浙江,02/09/2024,闲的没事多看看莎莎这次香港行演讲，采访，还有央视面对面，亚洲唯一女性代表，23岁奥运3金2银，她的成绩有目共睹，都是一拍拍用成绩打到我们面前。莎莎不需要任何捆绑营销，她自身就足够优秀，个人魅力和满满正能量，值得更多的人喜欢。,2.8万,1,3,238
6288848606,就要喝冰美式_,黑龙江,02/09/2024,差不多得了别带王楚钦了，王楚钦回答的特别好特别正常，有些人别乱磕了,4953,3,33,343
7788578119,以七为书_李沉舟天下无敌,山东,02/09/2024,莎莎慌不慌张我不知道但公然起哄莎头的行为还是不礼貌在这种公开场合还是希望能够问一些有质量的问题希望这种港澳交流更多的是传达体育精神,1695,2,1,174
7481845811,日暮燃烧时,山东,02/09/2024,要孙颖莎在台上直接翻个白眼吗🙄，请停止对女生的起哄霸凌吧祝觉得好的，在生活中遇到不喜欢的同事同学都被起哄说你们是一对，你怎么澄清都不管用。,1491,0,2,168
1669174712,高小马,北京,02/09/2024,不是慌张，是尴尬是无语是抵触。她是大女主小魔王，业务能力超强，不必老是拿出来跟男的放在一起。尊重这两个字我真的说累了。,3796,3,0,196
5288938953,她有美貌就够了,河南,01/09/2024,是阳光照的啦一定是阳光照的 你们不要这样哇😯,1.2万,9,24,367
7626680129,hope快乐日记,四川,01/09/2024,徐瑛彬去亚锦赛单打还是林高远亚锦赛单打对于头丝都没有区别在球拍事件以后我只想王楚钦开开心心什么比赛都无所谓不要给他压力至于徐和林谁上单打这是男队主教练王皓决定王皓在德班世乒赛选拔就夸奖过徐了是他看好徐再说徐在国际赛上次是赢了王楚钦的而林高远是连输王楚钦的如果真要抬王楚钦直接让他俩互换单打不更好吗？不懂林高远f丝和圆满批天天盯着王楚钦干嘛有的时候也在想王楚钦24岁俩块奥运金牌在手他被人故意闹坏球拍你们还要对他有各种要求林30岁了却还在愤愤不平一些参赛名额我想说人生不只有乒乓球眼光放开些粉的偶像让你感到幸福他才值得让你粉一直这样消极暴怒卖惨精神世界都不满足现实生活又能有多快乐呢？,4911,1,11,212
6510516376,揽月随风散,河南,02/09/2024,孙颖莎眼神杀有多绝，王楚钦吓得一动不敢动,6.8万,6,1,241
7906536287,芝士奶酪包里有芝心,陕西,02/09/2024,所以他们俩是什么情况捏,1.3万,13,38,417
6402268523,我Lay控素控,云南,02/09/2024,悲哀，莎莎的抵触情绪是一点看不到，这都还能嗑，是疯了吗？不愧是，走到哪儿，黏到哪儿，甩都甩不掉,14,2,19,480
5123609163,酒舞生,天津,02/09/2024,我左看右看，上看下看，是不是mai错热搜了？,1.1万,3,9,256
7632582996,o_007BubbleGUM,湖南,01/09/2024,总有人说溺瓶怎么怎么勾心斗角啊但是其实人的本质还是友好善良的，大家也会有点矛盾，但没有想象的那么坏……美好的一天到看到这张美好的合照结束，大家晚安！,1.1万,0,11,168
7360795486,草莓牛奶特别甜,福建,01/09/2024,国家奥运健儿和澳门运动员交流丨乒乓球展示环节王楚钦、孙颖莎与澳门乒乓球运动员交流,67.4万,1273,283,12528
2755145410,Arielvv_O_O,江苏,01/09/2024,今日阳光正好☀️而你的快乐最重要！,24.2万,195,88,2002
7483753912,体界蜜蜂,江苏,01/09/2024,孙颖莎王楚钦樊振东全红婵陈芋汐谷爱凌|蜜蜂分享|家属感绝了,20.1万,53,14,433
7872687466,咕噜咕噜咕噜黑化了-,江苏,01/09/2024,男乒路人缘最好的是谁啊？张继科，马龙，樊振东，王楚钦,10.8万,1,74,484
6839347435,体育系顶楼,山东,31/08/2024,真的不知道该羡慕大头还是羡慕莎莎了？不得不承认，王楚钦天生就有一种少年老成的气质，他静静的坐在那里看孙颖莎玩游戏，和老母亲在开放日去幼儿园看孩子有什么区别？他甚至比老母亲还细心。又有多少女生在大喊青春里少了一个王楚钦啊这样并肩同行的美好真的让人羡慕[比心],15.6万,49,66,847
1825079131,星闻社长,湖南,31/08/2024,好多e人在整活夹道欢迎奥运冠军入场，王楚钦不理解但直接加入，还试图鼓掌融入他们但是被发现揪出来了，果然i人就是e人的玩具。,282.2万,1471,679,49854
7930273839,王楚钦_HOPE的氢气球工坊备用机,黑龙江,01/09/2024,🦁️ 🎬 各位球球，大家下午好！为了方便球球们考古、回顾楚钦与球球的“赛场情缘”，坊坊将对赛场下被镜头记录的美好瞬间进行补档，现已将所有视频整理成合集~🔗请详见评论区 ，也可移步坊坊dy观看~,6.3万,217,224,1031
6664693702,著名吃糖蛀牙学家,福建,01/09/2024,是因为热的啦！我们楚钦老师怕热,4.3万,9,23,463
1775107677,碧山半见,辽宁,01/09/2024,这耳朵红的哈哈哈我原来以为头头是e人 没想到是深度i人 简直了 反差萌太可爱,1.1万,31,30,1536
6340947477,笛月0923,内蒙古,30/08/2024,头哥这是黏上甲鱼哥了，直接打入游泳队内部！甲鱼哥 #游泳,12.7万,38,24,1863
1789001093,朝阳区非著名小钢炮,河北,01/09/2024,【直播切片】内地奥运健儿访澳孙颖莎王楚钦和体校学生一起交流打球,48.9万,8,7,465
5930260480,ForeverloveST_QQ,中国澳门,01/09/2024,抵达🇲🇴🚍,13.6万,88,19,1331
6675621128,邓家小柚几a,四川,02/09/2024,哈哈哈哈哈哈哈哈，虽然这个rs词条怪怪的，不过看到那些黑粉破防，说的话就好笑，这叫咸猪手？我的妈呀，摸一下妹妹的头，也要破防？以后大头你跟所有人都保持3米距离哈，男的女的都不行，有一点互动都不行，天啦，天选rs体质。还有什么娱乐圈上不了歌坛上不了rs这就能上，大哥你们黑粉那么努力，看到了大头rs就点进来，不上谁上，你们贡献的啊，你们看看这词条前排的贡献榜,80,2,36,127
3090496625,无懈可击小挠宝,山东,01/09/2024,马龙的发球注重节奏的变化，能够在比赛中通过发球和接发球的快速反应和灵活变化掌握比赛的主动权；王楚钦的勾手线路长，对球的摩擦更强烈，球更为旋转，具有很强的迷惑性。勾手发球时，他展现出强大的侧旋旋转，尤其在多哈比赛中，甚至在上旋、侧旋的勾手发球中都能保持出色的表现。马龙王楚钦发球各有特色，作为队友，肯定是非常了解的,52.9万,0,160,89
1789001093,朝阳区非著名小钢炮,河北,01/09/2024,【直播切片】内地奥运健儿访澳孙颖莎王楚钦和体校学生一起交流打球,48.9万,8,7,465
5930260480,ForeverloveST_QQ,中国澳门,01/09/2024,抵达🇲🇴🚍,13.6万,88,19,1331
5613553185,TIEBREAKER1010,中国香港,30/08/2024,｜ （浅浅睡了belike😆,25.6万,178,61,3410
7467733498,萬象霜天_,黑龙江,01/09/2024,“乒乓球混合双打冠军王楚钦”“乒乓球男子团体冠军王楚钦”“乒乓球混合双打冠军孙颖莎”“乒乓球女子团体冠军孙颖莎”,8779,163,9,402
5215500398,IYGP11L,广东,31/08/2024,楚钦拍的明信片好想看呀什么时候分享一下嘛,1.4万,26,8,1165
1839300134,IT互联网那点事,湖北,31/08/2024,时间在变，你们没变。✨,292.1万,9,10,885
7221785303,钓神犬,广西,01/09/2024,这两天的活动真感觉是i人了不过很努力变e感觉哈哈哈 印象改观了好多，真的挺乖的而且也好说话看网上的以前还以为是个刺头来着,1915,0,37,508
1850699600,都叫我小孟,中国香港,30/08/2024,再次主持金牌运动员访港，这一部分最喜欢🏓,5.2万,1209,491,9280
1822398137,八酱日常,北京,31/08/2024,全红婵和国乒合照,1145.2万,142,32,1035
1974514450,一枚搞机的原子弹,广东,30/08/2024,王楚钦：早知道就拉窗帘了，在大巴上睡个觉也能上热搜，还说我张嘴睡觉，人家不要面子的吗？哈哈哈哈。,209.5万,47,76,1023
5770753841,郑郑郑小七,上海,01/09/2024,大头夸反手生胶女孩儿，莎莎给人家来个11.0，关键是结束了还问人家年龄，然后比我还小一岁孙颖莎、王楚钦、莎头,4.8万,14,4,177
7739305630,xhjdod_X,广东,01/09/2024,看王楚钦孙颖莎一起打球就是开心🥳最简单纯粹的开心😃,29.6万,2,0,323
6348877826,FanDomiNation丨樊振东星光簿,甘肃,31/08/2024,🏓 【20240831】 【视频】 cr.-,32.2万,101,29,939
2788598341,帅小伙学长,浙江,01/09/2024,哥俩互相模仿发球，哈哈龙队的提裤，大头手向下抓球,7.1万,14,2,154
1597241372,姬流觞,北京,30/08/2024,这两天看各个平台，好多人指指点点甚至给王楚钦起外号“32”，我心里很不是滋味。首先我不是王楚钦的球迷，他打球在我看来有点浮，既不稳也缺少霸气（观感，不是技术），小孩需要历练。我只是因为他对莎莎友善而觉得他还可以罢了。但是，那些喷他的人，你们凭啥就说人家不配打球呢？凭啥给人家起这种侮辱性的外号呢？这些人太多了，甚至连我娃都跟着叫王楚钦“32”。被我一顿狠训，要不是他现在肺炎，我真让他出去跑八圈回来再问问自己配不配？！就算我不喜欢巴黎女单决赛里陈梦的做法，但是我理解那种渴望冠军的心；我不同意别人站出来拿陈梦和孙颖莎的牌牌总数做比较，但是我敬重每一个职业运动员的付出。不管我们怎么看不上这个人这场球，我个人有两个底线不碰：第一，不否认他们从小到大为这项运动的付出与牺牲。第二，不去随便评判他们的未来。以上两点，皆因我不配；各位喷子，也不配。,17.6万,3,10,124
1847123567,香港商報,Unknown,31/08/2024,【图集|】国乒男队运动员今日（31日）下午在社交平台放照，分享他在访港期间认识了很多新朋友，赞香港好你们也很好。是次访港活动，奥运健儿们都玩的非常开心，尽显体育魅力！香港各界热情迎接健儿们的到来，观众亦可以近距离与运动员们互动交流，任何一场活动现场都宛若一片欢乐的海洋。（tq）,195万,11,21,426
1887790981,广州日报,Unknown,31/08/2024,【超强核心！】8月31日，“奥运健儿展风采”表演在香港维多利亚公园游泳池展开，全红婵陈芋汐在10米台表演双人花式跳水，两人在空中连续卷腹多次！（视频/记者：廖靖文、曹景荣、陈希；视频剪辑/车超进）,2004万,158,163,4786
6115560351,国是直通车,Unknown,31/08/2024,【】8月31日是内地奥运健儿访港的最后一天，晒照并发文：“短暂的美好，认识了很多新朋友香港很好你们也很好”晒出轻松抱起孙颖莎的合影。全红婵与孙颖莎王楚钦合影的E人社交场面也登上热搜。太多欢快温馨的场面，根本看不完！看出来奥运健儿们团建有多欢乐了！,841万,6,10,389
2788598341,帅小伙学长,浙江,01/09/2024,哥俩互相模仿发球，哈哈龙队的提裤，大头手向下抓球,7.1万,14,2,154
5638987914,V-ersion,广东,31/08/2024,全世界都知道他俩是“天作之合”，王楚钦真的被孙颖莎拿捏死死的,26.3万,54,18,834
7795617098,共祝东风,北京,31/08/2024,换拍双打全互动过程CUT 高球放得不错,10.7万,164,61,1368
1699432410,新华社,Unknown,31/08/2024,【】30日晚，由内地奥运健儿访港代表团参加的“奥运健儿大汇演”在香港伊利沙伯体育馆成功举办。汇演一开幕，乒乓球队六位冠军选手共聚一“台”，由马龙、、组成的男团与、、组成的女团比拼技艺。经历一场“团体战”后，陈清晨、、、四名羽毛球队员用一场“车轮战”再次为观众奉上视觉盛宴。艺术体操队的姑娘们为香港民众带来舞蹈表演《星辰大海》。当来自中国游泳队的代表团成员集体登场时，全场观众齐声为等四位八月出生的奥运健儿献上生日祝福。最后，奥运健儿们与香港歌星合唱《强》。,1.11亿,73,166,7024
6004281123,梨视频,Unknown,31/08/2024,【】8月31日，在“内地奥运健儿展风采”运动项目示范中，樊振东、王楚钦尝试用mini球拍与港队球员切磋。就在前一日的巴黎奥运会中国内地奥运健儿到香港纪律部队交流会上，樊振东还用锅盖接球，强者果然是不挑装备的呀,2631.1万,4,29,665
7741337509,胖球今天报名了吗,江苏,30/08/2024,2024.10.6-2024.10.13哈萨克斯坦·阿斯塔纳中国队🇨🇳报名名单如下：【女单/女团】孙颖莎、王曼昱、王艺迪、蒯曼、石洵瑶【男单】王楚钦、梁靖崑、林诗栋、徐瑛彬、向鹏【男团】王楚钦、梁靖崑、林高远、林诗栋、周启豪【女双】王曼昱/蒯曼、孙颖莎/王艺迪【男双】王楚钦/林诗栋、林高远/周启豪【混双】蒯曼/林诗栋、王艺迪/林高远,32.3万,2330,905,12586
1165346010,老乐说球,河北,31/08/2024,有球迷问题，为何王楚钦孙颖莎打得好好的，为何要拆？洛杉矶奥运会，难道王楚钦和孙颖莎真的不搭配了吗？首先，没有明确的消息证明，这两人已经拆分。另外，洛杉矶周期，如果说蒯曼林诗栋能够委以重任的话，大概率不会再是王楚钦和孙颖莎，然后，王楚钦和孙颖莎也要专注单打。这是目前我看到的情况下，分析得出，球迷非要让我确定，我确定不了，我只是通过现在的情况进行分析得出。,39.5万,3,86,487
1700348544,周易书院-玄明子,广东,31/08/2024,王楚钦是一个很有趣的名字。“楚”之古字上“林”下“足”（上古“足”与“疋”是同一字，为脚形），有万众林立之气象，侧面说明人气很旺，粉丝很多；“钦”者，“敬也”，其中暗藏竞赛胜出之兆。另见《说文》：“楚，荆也。”古时将打人的木荆条称为“楚”，后来引申一步，把“打”叫做“楚”。不正是手握木拍的击打运动吗？,43万,13,38,206
6349981429,要给世界哐哐一拳,河南,30/08/2024,我已经快不认识孙颖莎王楚钦这六个字了 老头们你们不觉得报的有点多了吗🤗,9.9万,12,49,1973
1915557992,葡萄芽,浙江,31/08/2024,一觉醒来又看见王楚钦的骰老姆忙活着指责颖莎在大腩主妈生拍断裂的时候没有冲上去给钦儿和拍儿哭丧 心里只有自己好冷血、搞半天你们是知道搐擒不受我家莎儿待见啊😔😔😔,354,172,94,1416
6124148358,纯粹的lummf,北京,30/08/2024,🦁 阳光美少年就喜欢王楚钦,2.2万,7,9,431
6822793633,大脸看电竞,上海,31/08/2024,果然是社交e人，当一个e人遇上一个更e的人。话说大头和全妹拍照居然有点微笑，啊，全妹就这么水灵灵地贴在了莎莎怀里！,37.1万,7,26,369
5374632990,体育委员小峰,辽宁,30/08/2024,孙颖莎和王楚钦被分到一组玩游戏，王楚钦蹬车都快蹬冒烟了。你猜“出勤老师”流汗了嘛？,30.8万,1,4,845
7488588386,唯我独星辰,广东,30/08/2024,站在一起就是最美的风景,1.9万,108,86,10662
3266943013,央视网,Unknown,30/08/2024,【】今天，内地奥运健儿代表团在香港进行第二天的访问活动。部分奥运健儿与香港运动员、教练员举行座谈会，与香港纪律部队等进行交流，分享心得。网友调侃：王楚钦蹬动感单车好努力，脚蹬子都要踩冒烟了,1970.3万,43,20,683
5622866114,野生胖球数据,贵州,30/08/2024,主力接下来肯定要参加的比赛又名王楚钦、孙颖莎、王曼昱比驴还驴的具象化9/9-9/15【WTT澳门冠军赛】9/26-10/06【WTT北京大满贯】10/7-10/13【2024亚洲乒乓球锦标赛】10/11-10/19【2024年全国乒乓球锦标赛】10/22-10/27【WTT蒙彼利埃冠军赛】11/3-11/10【WTT法兰克福冠军赛】11/20-11/24【WTT福冈总决赛】’12/1-12/8【2024混合团体世界杯】,7.7万,168,148,1198
2810373291,新华网,Unknown,30/08/2024,【球拍上的友谊：】孙颖莎竟然是“e人”？王楚钦会说粤语？8月30日，内地奥运健儿代表团来到香港，与香港体育学院运动员开展交流活动。活动现场，在巴黎奥运会斩获混双奥运金牌的“莎头组合”/与香港运动员友好互动，现场欢乐满满。,9847.4万,499,93,3318
7488588386,唯我独星辰,广东,30/08/2024,站在一起就是最美的风景,1.9万,108,86,10662
5372926883,潮咖综艺迷,Unknown,30/08/2024,香港体育学院玩游戏环节，莎头一组！,2658,567,780,48782
5140552811,科技怪杰,陕西,30/08/2024,龙队之前带着小胖和大头，现在又加了一个婵宝，龙队生来就是带孩子的命。樊振东王楚钦:不带我俩？不高兴！,171.2万,70,154,1283
6121016286,歪了俩下,广东,28/08/2024,没惹👌🏻🌙,41.1万,506,247,19096
5288729483,初竹-,浙江,30/08/2024,承认吧我们高贵的国球已经后继无人了看到任何一个除王楚钦孙颖莎以外的名单都让人眼前一黑，CTTA的未来一眼望得到头,6.4万,3,9,225
7065790679,Echolohh,北京,29/08/2024,比赛比一半停电、兼职裁判被问比分*2、拿金牌后1分47秒拍子被踩断、退场莫名其妙天降手机走上舞台的那一秒舞台塌了...王楚钦抓马人生回忆录的含金量还在不断上升🫰🫰🫰,1875,160,310,12003
5229334406,精神病院派来的猴子,河南,30/08/2024,2024乒乓球亚锦赛中国队名单：10月6日-13日男团：王楚钦、梁靖崑、林高远、林诗栋、周启豪女团：孙颖莎、王曼昱、王艺迪、蒯曼、石洵瑶男单：王楚钦、梁靖崑、林诗栋、向鹏、徐瑛彬女单：孙颖莎、王曼昱、王艺迪、蒯曼、石洵瑶混双：林诗栋蒯曼、林高远王艺迪女双、王曼昱蒯曼、孙颖莎王艺迪男双：王楚钦林诗栋、周启豪林高远,42.3万,679,1032,17216
1740626210,-Veronica-Y,广东,30/08/2024,2024阿斯塔纳亚锦赛中国队报名男子单打王楚钦梁靖崑林诗栋徐瑛彬向鹏男子团体王楚钦梁靖崑林高远林诗栋周启豪女子单打/团体孙颖莎王曼昱王艺迪蒯曼石洵瑶男子双打王楚钦/林诗栋林高远/周启豪女子双打孙颖莎/王艺迪王曼昱/蒯曼混合双打林诗栋/蒯曼林高远/王艺迪,48万,76,652,4965
7810801910,草莓冰牛奶rx,山东,30/08/2024,不是人家马龙和樊振东不打亚锦赛就让人家退役，真牛逼，马龙和樊振东顶着国乒大旗的时候你们家的在哪呢，现在嫌弃人家两个不打亚锦赛，让人家退役，你们说的都是人话吗，而且他们两个年龄本来就大了不参赛又怎么样，王楚钦还没嫌累呢粉丝先替他嫌累了如果马龙和樊振东退役了，王楚钦下个周期很可能实现大满贯，因为下面的队员压根不行，而且哪个抗大旗的人不累，人家许昕打13场比赛的时候怎么没人替他说话啊，你们别把体坛当饭圈了行吗，都是为国争光的运动员你们有什么资格说,430,4,97,1856
5515745426,啾啾头头-,广东,30/08/2024,保持热爱，奔赴山海，忠于自己，热爱生活💌海中月是天上月，眼前人是心上人,2450,72,296,1572
1736708753,珠海特区报,Unknown,28/08/2024,【00后式采访让记者笑不拢嘴】8月29日至31日，潘展乐、孙颖莎、王楚钦、盛李豪等国家队奥运健儿代表团将赴港访问！访港前的采访全程高能。,86.8万,55,30,1305
7855368326,momosss1104,北京,30/08/2024,走过路过都来欣赏一下媒体朋友们的表演，主打一个词不达意正文与词条毫不相关,1.9万,31,41,685
7682328981,糊坛顶流,北京,30/08/2024,点进来看的我一头雾水，这啥也没看懂，怎么就买了这个热搜，是不是我们梦里头坐一起让你们破防了，你们没糖硬磕是不是？你们st也是一生好强又强不起来。,5.3万,0,37,92
5720588016,Jakaroy_慢邮时光,上海,30/08/2024,❣️ 💝搞个盲盒次次叭☆₊⁺🦴🐾₊⁺★,3.2万,128,218,477
3255727524,麻辣表哥,湖北,28/08/2024,王嘉尔王鹤棣王星越王楚钦撞衫了,251.5万,30,108,2044
7443954634,浪浪啊st,河南,30/08/2024,送去跳水也挺行,1689,13,3,293
3152800551,墨染诗婳,福建,29/08/2024,2024.08.29 巴黎奥运国家队运动员访港，并出席香港特别行政区政府举行的迎接会。此次出访的运动员包括全红婵、王楚钦、樊振东、孙颖莎、潘展乐、马龙等。,27.5万,53,16,293
5315837385,是小宋老师yyy,山东,30/08/2024,主持人：你们当知道抽签没有抽到王楚钦和孙颖莎的时候 那时的心情是怎样的黄镇廷：终于逃过一劫 你知道我们之前跟他们打了多少次吗🥹 主持人：多少次黄镇廷：一年至少五六次主持人：结果是…黄镇廷：结果…😮💨很愉快,28万,19,19,961
5519760381,ASHArkrunningsofast,河南,30/08/2024,你怎么知道孙颖莎被邀请身穿lv登上芭莎正刊 银十周年月份刊 而且单封➕首推啊 邀请你来看,4.7万,6,10,398
6314623343,美妆蓉,江苏,30/08/2024,今日份香港体育学院活动，孙颖莎、王曼昱、王楚钦、李隼一组。,38万,3,2,494
7597198728,Scissors_-,四川,30/08/2024,哇 王楚钦玩得好开心哦,1627,2,7,252
7719230468,树上好像有只兔,英国,30/08/2024,孙颖莎王楚钦一组玩游戏，好受欢迎 一直忙着签名拍合照 莎莎小小一只好可爱,2.2万,4,4,260
6324018415,追逐夜灯,浙江,30/08/2024,俩小只直接被包围孙颖莎 王楚钦 莎头,5.6万,2,0,213
7513765479,畅玩畅玩,江苏,30/08/2024,孙颖莎王楚钦樊振东全红婵陈芋汐谷爱凌|畅玩分享||一起回顾一下莎头新加坡混双,17.4万,50,6,319
5111208123,前线时报,Unknown,29/08/2024,孙佳俊香港plog好多合照！,302.4万,105,372,512
7596340171,小狗日记w_,湖北,29/08/2024,角落里的耶子太萌了啊啊啊啊啊,2994,177,44,185
7083377042,JR体角日记,福建,27/08/2024,有网友直接预测：二届奥运会，为什么发生同一种情况?一，东京奥运会：1，赛前一致看好孙颖莎女单夺冠，结果是陈梦2，赛前一直看好樊振东男单夺冠，结果是马龙二，巴黎奥运会：1，赛前一致看好孙颖莎女单夺冠，结果是陈梦2，赛前一致看好王楚钦男单夺冠，结果是樊振东二届奥运会，为什么都出现同一种情况，一致看好的谁，谁就输，反而不看好的谁，谁赢，这究竟是为什么?不过我觉得不管是谁拿都一样，只要站在奥运的赛场上那就是为国争光，运动员们都很努力奉献自己的青春，为祖国努力增多荣誉！,38.6万,30,51,489
2993049293,央视体育,Unknown,29/08/2024,【WTT中国大满贯双打名单公布：王楚钦/梁靖崑出战男双】WTT中国大满贯双打项目参赛名单公布，国乒在三项中均未派出最强组合。男双项目，国乒派出王楚钦/梁靖崑组合；女双方面，国乒派出了王曼昱/蒯曼的全新组合；混双项目，林诗栋搭档蒯曼出战。本届中国大满贯将于9月26日至10月6日在北京首钢园举行，这是中国首次举办WTT系列赛事中级别最高的大满贯赛，各单项冠军将获得2000点世界排名积分。#WTT中国大满贯双打名单公布#,2638.4万,9,8,136
6017734973,·鱼肚不肥·,浙江,30/08/2024,我调节好了我彻彻底底调节好了WTT大满贯混双没有王楚钦孙颖莎访港两个人离得特别远轴了一晚上都没有给自己说通今天一睁眼就看到王楚钦孙颖莎被分到一个小队活动两个人坐在一起一前一后走路王楚钦还说“我和她平时生活中什么都能聊聊的也很多”“我们不讨论自行车我们坐公交”“和莎莎一起其实这整个周期的混双也是和上个周期我们俩在打混双的时候有区别的吧”啊啊啊啊啊啊啊啊啊啊我彻底调理好了！！！今天的莎头是这个世界上最会喂饭的爸爸妈妈,2348,5,6,102
7596340171,小狗日记w_,湖北,29/08/2024,角落里的耶子太萌了啊啊啊啊啊,2994,177,44,185
3152800551,墨染诗婳,福建,29/08/2024,2024.08.29 巴黎奥运国家队运动员访港，并出席香港特别行政区政府举行的迎接会。此次出访的运动员包括全红婵、王楚钦、樊振东、孙颖莎、潘展乐、马龙等。,27.5万,53,16,293
5239366268,Champagne_D1et,陕西,27/08/2024,第一次参加奥运会拿双金的中国男乒乓球员只有王楚钦，刘国梁，张继科。,10.2万,12,428,2615
6040160273,Moonlight_Rio,河南,29/08/2024,🇨🇳中国队女双：王曼昱/蒯曼男双：王楚钦/梁靖崑混双：林诗栋/蒯曼,39.9万,28,55,486
6979250823,小鹿体域,山东,27/08/2024,,1.9万,50,27,880
5068638152,伊夏微凉瀚温存,河南,29/08/2024,莎头粉真是脸都不要了，王楚钦陈梦坐一块的热搜，你们非要把孙颖莎牵扯到里面，不停的发莎头混双搭档双人图。说别人邪教，你们比邪教还过分。孙颖莎微博都澄清了，只是搭档好朋友，你们还企图牺牲女运动员莎莎，让别人随便乱脑补。,457,15,39,2270
3181241695,蜜桃椰拿铁,中国香港,29/08/2024,好漂亮的小朋友我萌晕，今天真是普天同庆的好日子 不用打混双咯！,8.6万,13,11,458
5337258358,蜀地小辣椒彡,四川,29/08/2024,港媒这次可是真豁出去了，直接来了个“面对面”的大爆料，那胆量，简直了！他们可不管你是谁，大腕儿小咖一视同仁，有啥说啥，那叫一个爽快！香港这片热土，就是孕育了这样一股子“敢为天下先”的精神，创新不息，坦诚相待。说到莎头组合（孙颖莎&amp;王楚钦），那可是火得不要不要的，国内外都掀起了一股热潮，粉丝多得数不清。而港媒呢，更是化身成了他们的头号粉丝，喜爱之情溢于言表，完全不顾及什么“平衡术”，直接表白：就爱这对CP！这样的港媒，让人不得不佩服他们的直率和真诚。在这个信息爆炸的时代，能有这样一股清流，实属难得,16.2万,1,9,208
3181241695,蜜桃椰拿铁,中国香港,29/08/2024,好漂亮的小朋友我萌晕，今天真是普天同庆的好日子 不用打混双咯！,8.6万,13,11,458
3239495534,笑得我鼻孔都没啦,北京,29/08/2024,香港学生见王楚钦孙颖莎前开心到失眠,33.4万,5,13,425
7808044647,花果山在逃母千金_之期待翻牌版,江苏,29/08/2024,为了压青岛代孕热搜 把孙颖莎王楚钦往风口浪尖上推是吧请山东媒体关注一下代孕事件别扯混双冠军,7127,0,1,479
3938844986,楚楚牌五花肉,西藏,29/08/2024,❤️🔥 楚江远阔无所畏 钦山纵横不足惧🦁祝你的热爱终有回响ᡣ𐭩,8.2万,61,226,614
6459912341,CR7有在喝乳汽,江苏,29/08/2024,追的是王楚钦孙颖莎，不是别人，不要太在意了好吗👌,19.9万,0,39,1167
2790189567,豆斋-,中国香港,29/08/2024,在香港偶遇了奥运冠军！谁懂啊！随手订的酒店，到了发现竟然是奥运代表团的下榻酒店！ 刚回酒店拿充电宝，上楼一趟在电梯里遇到了陈梦，下楼遇到了王楚钦和另外几位金牌健儿（好像是花游）！！！！！！ 我都羡慕自己的运气啊啊啊,5.7万,16,50,1446
1096730352,紫薇_HOPE偶吧99,加拿大,28/08/2024,钦我 只是一个小小的承载体想发的话，这里也可以🤗毕竟帅哥是大家的,11.8万,74,595,1518
7674736630,好飒的小姐姐,辽宁,29/08/2024,实话讲，我对图片中这个投票结果感到匪夷所思！我非运动员王楚钦粉，仅仅作为用户投票但我必须说，单纯以少数服从多数判定一条微博是否违规，是绝对错误的，会出现某一群体的网暴狂欢！网暴世界冠军，我选存在违规，显示的大众评议却是不违规，图片明显是体育饭圈化的投票结果，这真是大众评议吗？！,22.7万,112,68,903
7326956333,Oops明天见,中国,28/08/2024,可爱小莎 青涩大头 这个时候大头还挺贵 眼神是为数不多的清白！王楚钦 孙颖莎 莎头,63.9万,5,6,573
6134414659,kuuhhnn,广东,28/08/2024,请多多关心运动员王楚钦的赛场！,2.3万,40,58,661
7678555228,妮说体育,广东,28/08/2024,樊振东说过马龙是一个很有仪式感的人！马龙昨天给许昕签名板今天和小胖交换签名板明天应该王楚钦签名板这举动越发给我一种很强烈的退役感马龙真的不要啊，继续闪耀洛杉矶行不行,35.5万,22,58,488
7483973076,薯塔大王-,天津,28/08/2024,健康涨球！,2.1万,1198,291,3378
7788773162,什么时候能摆脱考试,山东,28/08/2024,请wf放过王楚钦，王楚钦什么都没惹，请球迷们关注王楚钦的访港之旅和wtt大满贯赛事的表现。远离运动员的私生活，冲浪自由，健康涨球。,848,0,29,769
7376237454,赤色冤鸭肚兜,广东,28/08/2024,省流：【cpf为了造谣wcq点赞，甚至不惜用大小号自导自演】。具体事件始末分析和证据请看图。狼来了的故事大家都知道结局，说谎的孩子是没有好下场的。以后此种类似事件不再进行回复，请莎头批学会尊重王楚钦。,2107,1494,1839,11610
6194194999,我和奇葩室友的日常,福建,26/08/2024,谁知道八年里几乎都是她妹妹,502.3万,174,128,1527
5661442620,七锤棒棒冰,重庆,28/08/2024,【莎头】七年⎮山河无恙 烟火寻常⎮从晨光初照到夜幕降临，从默默无闻到万众瞩目，孙颖莎王楚钦一拍一拍打出来了属于自己的历史。祝愿孙颖莎王楚钦未来更好、平安顺遂。,5366,191,25,597
5554602977,shalatesi,四川,28/08/2024,你从来没❌站在他🤦♂️这一边💔那些所谓的传承希冀🌟都是幻化在你身上💁♂️的美好滤镜🌇其实有迹可循吧😔胖副每次破防😱低落😰你都在安慰他🫂他对你的每一次感谢🙏也不是假的❎你只是对不起😔王楚钦👨🦲真诚诚挚的感情🥹他从没想过会是你🫵捅这一刀🔪赛前我都想不到你赢他🏆有什么好处💔你在京队👨👦挂着他的教练名号🎫你之前输他🥶输很多次了🤡你近期不是没遇见左手👊🏻不是没内战过🩸但是你从来没有🈚️像今天这样😱王楚软不欠你的😭你真狠心💔💔💔,151,3,42,452
5661442620,七锤棒棒冰,重庆,28/08/2024,【莎头】七年⎮山河无恙 烟火寻常⎮从晨光初照到夜幕降临，从默默无闻到万众瞩目，孙颖莎王楚钦一拍一拍打出来了属于自己的历史。祝愿孙颖莎王楚钦未来更好、平安顺遂。,5366,191,25,597
7755048089,FashionSlimane,北京,28/08/2024,王楚钦是另外一本。等快出来我公开。 我没追乒乓球。 原谅我。 记的不对。 。有时候不是爆错料。而是没合适清楚就抢先发出来了。 我还是少说话,42万,28,84,3443
2318910945,新浪热点,Unknown,28/08/2024,【】2024年8月27日，国际乒联第35周排名公布：女单方面，中国选手孙颖莎以9000分保持世界排名第一，陈梦、王曼昱、王艺迪位列前四。男单方面，中国选手王楚钦以7925分位列第一，樊振东第二，梁靖崑第四，马龙排名第六。（央视体育）,7599.4万,34,37,299
7388638111,熬了个夜___,贵州,28/08/2024,晚安王楚钦一挥一拍迎挑战，面对困难也从容。钦尽全力寻答案，永不言弃攀巅峰。留给赛场最坚定的背影，用拼搏篆刻姓名📝 望向时间的远方。来日方长，前路所向 会写下更闪亮的序章，王楚钦继续加油！！！未来我们一直都在,692,56,285,1290
7072794759,超绝手抓饼,四川,27/08/2024,采访名场面 幽默小男孩,1468,127,133,2588
7392150115,陪逸看花海-,江西,27/08/2024,哎哟 梦女补药破防啦 破防什么呀 因为自己不能跟王楚钦肩并肩吗你们是不是真梦女啊 连他讨厌这个都不知道说几句实话就只会拉黑删除 给你们看看我们吃的多好,23,2,162,1744
2757394263,网易体育频道,Unknown,27/08/2024,据最新消息：WTT中国大满贯2024自动入围男女单打前五号种子名单更新，中国队球员樊振东、陈梦退出本次比赛。【本站比赛中国队参赛名单】女单正赛-孙颖莎、王曼昱、王艺迪、陈幸同、钱天一、蒯曼男单正赛-王楚钦、梁靖崑、马龙、林高远、林诗栋男单资格赛-向鹏,165.9万,225,1621,54043
3023986895,万万没想到啦啦拉啦啦,美国,28/08/2024,具体人具体事要具体分析。一个里约和东京的刘国梁，心里是清楚王楚钦几斤几两不敢压宝他巴黎三金的。但巴黎周期，他掌控了国际乒联，为北京服务背靠权力中心和官方舆论舵手，又恰逢某一把手好忽悠。对权力的过度迷信，让赌性一贯很大的他自以为掌握了赌场的万能🎲，怎么掷怎么有，为了北京队的利益，为了用WTT能再多捞几年钱给自己，做出了最疯狂的选择，这个疯狂不止是占尽资源和遮挡做签，最重要的是明牌打压国乒的保命符。因为他做了这最后一步，国乒的巴黎保命符越是手撕剧本力挽狂澜夺冠，就越让国乒颜面无存。但问题就在这，他是怎么真的失心疯到觉得自己一手遮天，就能真的让这个历史级的超级天才，一点机会都没有的呢？绝对的权力是人走向癫狂的催化剂。,2.6万,23,125,1251
6883060031,沫沫小腰精,海南,28/08/2024,王楚钦的五句真心话，揭开了他和孙颖莎的真实关系...1.莎莎是我最亲密的战友，我们在赛场上是可以把自己的后背交给对方的人，在混双比赛时，只要对方在自己身后，就没有什么好怕的了。2.莎莎私下里也是我的好朋友，我们经常一起出去玩，遇到不开心或者遇到挫折的时候，也会跟对方讲，也会互相安慰，鼓励打气。3.莎莎同时也是我最好的陪练，我们两个经常一起切磋乒乓球，研究各种战术和技巧，莎莎特别聪明，所以我和他打球的时候，也总是会有很多新的发现，能够提升不少的技术。4.莎莎真的很可爱，小小的一只，尤其是她的脸，软软的，经常想要捏一捏，Q弹Q弹的感觉真的很好玩儿。5.莎莎真的很厉害，不仅拿下那么多的金牌，最关键的是，她在平时训练的时候更是大杀四方，甚至就连很多老将都曾经败倒在他的乒乓球拍下，现在孙颖莎还小，将来孙颖莎一定能够成大事儿!,27.9万,7,14,130
3847642518,麦子哥哥QaQ,山东,27/08/2024,WTT宣传片剪辑一言难尽啊明知道大家都在吐槽票价高，还专门把王楚钦 孙颖莎的片段剪辑成：快来购票吧。不知道你们是咋想的呢？ |,117.9万,49,261,4992
2690768153,电影密探007,河北,27/08/2024,为什么很多人对王楚钦不友好？,17.3万,8,193,724
5932563850,人间奇趣大赏,河北,11/08/2024,王楚钦：我不是走文化课进来的,946.3万,1691,580,18031
2442118504,向茉茉,四川,10/08/2024,王楚钦最后这下哈哈,13.2万,9,18,2401
7583989521,话道君,湖南,10/08/2024,王楚钦：我准备好了，快拍我马龙：快快快，许昕你到我旁边来 许昕：哎呦呦怪不好意思的（我不是c位） 秦志戬：害我白头的两个逆子都站一块去吧，走你～,63.6万,205,100,12080
1893892941,北京日报,Unknown,26/08/2024,【】8月26日，石景山区举办WTT（世界乒乓球职业大联盟）中国大满贯新闻通气会。北京市体育局副局长杨海滨在会上介绍，2024年9月，WTT中国大满贯即将在石景山首钢园盛大开幕，时隔63年，国际顶级乒乓球赛事重返首都北京。据官方公布的海报显示，双双世界排名积分第一的、将出战本次赛事。一起期待！,1080万,16,104,661
7064946211,六雨寻月,河北,26/08/2024,一群啥掉吧真以为自己能当嫂子呢？天天往超话里面发隐私部位有病吧?王楚钦看了都嫌恶心反正我们的胜率50%而你们是0%别恶心头哥了有你们这群主持人和粉丝真是倒八辈子霉恶心坏了他们为国争光你们却截别人隐私部位脑子有病去治脑子里面那些东西别给自己变成智障天天想啥呢s梦女你要说让我关注他们的事业别磕CP骂我也行天天搁那幻想自己是嫂子比我们这群CP粉还恶心呢梦女别出来丢人现眼了嫌恶心别让我吐谢谢,28,0,72,484
1618051664,头条新闻,Unknown,27/08/2024,【，】据北京日报报道：2024年8月27日，国际乒联第35周排名公布。女单方面，中国选手孙颖莎以9000分保持世界排名第一，陈梦、王曼昱、王艺迪位列前四；男单方面，中国选手王楚钦以7925分位列第一，樊振东第二，梁靖崑第四，马龙排名第六；男双方面，马龙/王楚钦第一，樊振东/王楚钦第二，林高远/马龙第三；女双方面，陈梦/王曼昱第一，孙颖莎/王曼昱第六；混双方面，王楚钦/孙颖莎排名第一，林诗栋/蒯曼第七。,1.11亿,8,51,287
2286092114,中国蓝新闻,Unknown,27/08/2024,【】WTT中国大满贯2024将于9月26日至10月6日在北京石景山首钢园举办。本次赛事门票分两个阶段销售，第一阶段开票时间是8月28日上午8:28，第二阶段开售时间为9月中旬左右。今天，发布了最新视频，视频中用英文说“快来购票吧”，你打算买票吗？,653.4万,260,885,22620
3515112791,ITTF国际乒联,上海,27/08/2024,【国际乒联2024年第35周世界排名】男子单打，中国队球员王楚钦、樊振东位列前二，梁靖崑位列第四，马龙位列第六，林高远位列第八。帕特里克·弗朗西斯卡排名上升1个名次位列第10，重返世界排名前十；达科·约奇克排名上升4个名次位列第15；向鹏排名上升9个名次位列第46；黄彦诚排名上升31个名次位列第69，刷新个人职业生涯新高。其他中国队球员，林诗栋排名第14，向鹏排名第46.女子单打，中国队球员孙颖莎、陈梦、王曼昱、王艺迪位列前四，陈幸同位列第六。杨晓馨排名上升1个名次位列第15；大藤沙月排名上升11个名次位列第21，刷新个人职业生涯新高；黄怡桦排名上升23个名次位列第33，刷新个人职业生涯新高；桥本帆乃香排名上升6个名次位列第35；横井咲樱排名上升47个名次位列第78，刷新个人职业生涯新高。其他中国队球员，钱天一排名第18，蒯曼排名第42，石洵瑶排名第48。,337.5万,147,518,19030
5669908827,AKK_x,法国,10/08/2024,我不相信中国乒乓球队 我只相信你,2.3万,387,1913,7237
6074185655,西山十二街,浙江,10/08/2024,刘丁硕：我永远相信王楚钦，等我……林诗栋：我也戴了金牌刘丁硕：下次你的让我带带哈……不会洛杉矶男乒派他们吧,30.6万,52,382,7799
6352626891,罐头噜噜,浙江,10/08/2024,守护张怡宁打分自由这年头张怡宁都要被审判了到底是谁给你们的勇气有些人还想利用这个点虐粉可别拉王楚钦了 咋滴王楚钦是你爹啊[疑問],1.2万,60,767,14760
7712296961,伤心叽鱼饼,福建,10/08/2024,虽然3:2的比分确实有点焦灼 但是他也不至于被说成这样吧，这些说他的人真的懂球吗，人家最后能赢下来就是真的牛啊，天天嘲32的看完过一场球吗 ，为什么不能大家都友善点，自己的同胞不去支持和维护然后跑去喜欢外国人。王楚钦我希望你也能学会快乐,1.1万,11,118,2589
7726805577,是谁偷走了我的时光啊,浙江,10/08/2024,看过昨天第三盘单打的都不能说十分吧，在领先两局情况下连丢两局，对面还是排名远低于自己还受伤的老将，而且没打几个高质量的相持球…如果对面是莫雷高德，我觉得还会再输,24,4,450,5319
6119027056,Ns-jpg,上海,10/08/2024,王楚钦 打球快乐 🥰©️Getty / AP / tischtennis / 新华社 / 中国体育,3616,973,1098,4343
6869708417,中国奥林匹克委员会,北京,10/08/2024,【第十四期 奉上】名画一：看到的是他们仨，想到的确是你 名画二：如痴如醉，这一抹红色更凸显 的美名画模板一同奉上，期待看到你的作品,111.5万,19,26,651
5044281310,澎湃新闻,Unknown,10/08/2024,【现场丨，结果也是完美的】“如果这是你奥运生涯的最后一舞，你认为这次比赛是完美的谢幕吗？”北京时间8月10日，在巴黎奥运会乒乓球男子团体决赛后的新闻发布会上，一位中国记者向马龙提了这样一个问题，马龙稍微思考了片刻，然后很平静地回答，“我觉得，作为奥运会来说，确实是最后一舞，我觉得这个结果确实也是完美的。”在这场比赛过后，35岁的马龙也收获了他在四届奥运生涯里的第六枚金牌。谈到在这届奥运会之后自己是否会退役，马龙并没有直接回答。“等我回去再想想。”马龙赛后说，“其实当时东京奥运会打完以后，自己也没有想到过有一天还会再站在巴黎的赛场。这三年中，我觉得确实无论是从心理上还是从技术上还是得到了很多锻炼，有很多磨炼，经历确实很不同，但最终能够有这样的机会去参加奥运会，也非常开心。”一位瑞典的记者在发布会上就特意问马龙，是否认为这支瑞典队可以在四年后的奥运赛场上取得金牌。马龙表示：“我觉得竞技体育的魅力就在于你不到最后一刻，你也不知道最终的胜利者是谁，我觉得瑞典队从这次的表现就看出他们已经对于冠军有很强的冲击力以及渴望，所以我期待他们有更优异的表现，但我相信中国队依然还是最强的那一个。”,3257.2万,160,98,5192
2846059400,柠檬初恋日记,浙江,09/08/2024,哈哈哈哈哈哈哈王楚钦一上网天塌了🤣粑粑麻麻你们真的啥都往外说啊！妈妈说他前ber喽后勺，爸爸说他打输了爱哭🤣王楚钦家氛围好好啊，大头就算是奥运冠军在爸爸妈妈心里还一直是当年的那个打不过就哭，哭完继续爬起来打到打赢的那个坚韧孩子,188.4万,2385,3476,105309
2442118504,向茉茉,四川,10/08/2024,王楚钦最后这下哈哈,13.2万,9,18,2401
7583989521,话道君,湖南,10/08/2024,王楚钦：我准备好了，快拍我马龙：快快快，许昕你到我旁边来 许昕：哎呦呦怪不好意思的（我不是c位） 秦志戬：害我白头的两个逆子都站一块去吧，走你～,63.6万,205,100,12080
2139452595,知晚,河北,10/08/2024,王楚钦将莎管严刻进骨子里，生气却被莎莎一句话叫回，大头看着不听话，其实很听话。,41.8万,70,58,10386
5669908827,AKK_x,法国,10/08/2024,我不相信中国乒乓球队 我只相信你,2.3万,387,1913,7237
6074185655,西山十二街,浙江,10/08/2024,刘丁硕：我永远相信王楚钦，等我……林诗栋：我也戴了金牌刘丁硕：下次你的让我带带哈……不会洛杉矶男乒派他们吧,30.6万,52,382,7799
6352626891,罐头噜噜,浙江,10/08/2024,守护张怡宁打分自由这年头张怡宁都要被审判了到底是谁给你们的勇气有些人还想利用这个点虐粉可别拉王楚钦了 咋滴王楚钦是你爹啊[疑問],1.2万,60,767,14760
7712296961,伤心叽鱼饼,福建,10/08/2024,虽然3:2的比分确实有点焦灼 但是他也不至于被说成这样吧，这些说他的人真的懂球吗，人家最后能赢下来就是真的牛啊，天天嘲32的看完过一场球吗 ，为什么不能大家都友善点，自己的同胞不去支持和维护然后跑去喜欢外国人。王楚钦我希望你也能学会快乐,1.1万,11,118,2589
5710695474,SKT体育,山东,10/08/2024,赛后王楚钦据说脚上有伤病，怪不得比赛中贴着肌贴走路也有些不太利索，但他都默默的扛下来了！大头真棒！,21.8万,39,21,1252
6189120710,央视军事,Unknown,10/08/2024,【转发祝贺！】巴黎奥运会乒乓球男子团体决赛，中国队击败瑞典队，夺得金牌。实现！祝贺！ （央视新闻）,499.1万,21,19,345
6877352127,无颜色不一样的烟火,湖北,10/08/2024,一个国家级的运动员，怎么就不允许王楚钦单打失败，他是违规了？犯法了？他刚刚为国争光了，为什么这么不容忍别人？可以不喜欢，但不要诋毁！,18.2万,0,71,900
5663488451,圈一圈一飞冲天,浙江,10/08/2024,下一届洛杉矶奥运会，中国男子乒乓球三个选手阵容名单可以出了：单打王楚钦 林诗栋团体双打再派个刘丁硕完美惊队皇族军团闪耀洛杉矶🎉🎉🎉,115,91,577,14625
1490372962,他回精神病院了,北京,09/08/2024,王楚钦的心力不如马龙和樊振东。,968.1万,18,146,3991
6912162427,yu圈小渔,浙江,06/08/2024,王楚钦，能让自闭和痞帅出现在同一个人身上。～王楚钦 暴力美学 乒乓 奥运,3.5万,525,163,28725
1314608344,新闻晨报,Unknown,10/08/2024,【“加油！”奥运冠军】“加油！加油！”8月9日，位于武汉市新洲区邾城街道的某小区里，巴黎奥运会男子乒乓球团体决赛正在电视里直播，年过六旬的彭美兰激动地连连喝彩，特别是第三局比分僵持到8：8，她紧张得手心冒汗。最终，由樊振东、马龙、王楚钦组成的中国队3比0战胜瑞典队，夺得金牌！“快喝口水缓一缓。”看到彭美兰这么激动，与她一同观看电视直播的堂姐赶紧递过来一杯茶水。8月4日晚，巴黎奥运会乒乓球男子单打决赛落下帷幕，中国选手樊振东以卓越表现首次摘得奥运会单打桂冠，成就个人大满贯的辉煌时刻。这一喜讯跨越近9000公里，传给了远在武汉市新洲区的彭美兰。“祝贺美兰！樊振东夺冠啦！”8月4日21时30分，彭美兰手机发出“叮咚”一声脆响，屏幕上弹出一条祝贺消息，这是广州同福中路第一小学陈卫红校长发来的。获得捷报，彭美兰便心潮澎湃、惊喜万分。彭美兰是新洲区邾城人，曾在原新洲师范从事语文教学10余年，后调到广州市同福中路第一小学担任班主任。新学年刚招生，班上来了一个虎头虎脑的小家伙，特别爱打乒乓球，天赋十足。“这孩子很有韧性，功课也安排得井井有条。”喜爱之余，彭美兰任命小家伙当班长。“没想到，这孩子成长为了世界冠军。”彭美兰欣慰之情溢于言表。到小学二年级时，樊振东就敢于挑战年纪比自己大的选手，连体育老师后来都败下阵来。据彭美兰介绍，樊振东在学校期间就展现出惊人的乒乓球天赋，所以在同福中路第一小学读完三年级后，也就是2006年，樊振东进入广州体育职业技术学院，开始了专业训练，从此走上了他的乒乓球之路。尽管只有短短两年的相处时光，樊振东和彭美兰却结下了深厚的师生情谊。2016年里约奥运会结束后，樊振东回广州休年假期间，专程回到母校看望老师们。当天，他还来到当年教室与老师们合影留念，并调皮地登上讲台，扮成小时候的模样。同年9月10日，亚欧全明星乒乓球对抗赛在广东东莞举行，樊振东代表亚洲队出战。他特意邀请彭老师和当年数学李老师去东莞观看比赛。他们抱着鲜花，在比赛现场为樊振东呐喊加油。比赛结束后，樊振东特意前来和老师们见面，表达思念与感谢。2019年，得知恩师已退休返回老家新洲，樊振东先后两次给彭美兰寄送了10副他亲笔签名的球拍。五年时光匆匆而过，球拍被彭美兰视若珍宝，妥善珍藏。“他非常懂得感恩，对母校怀有深厚情感。”在接受记者采访时，彭美兰不吝赞美之词，多次夸赞樊振东。决赛当天，中国队成功夺得乒乓球男子团体赛金牌。彭美兰掏出手机，给樊振东和他的妈妈发去了一个大大的微信祝福表情和语音。（湖北日报）,4055.9万,13,14,316
7750140596,瑞峰财经,Unknown,10/08/2024,【梦幻联动！陈奕迅演唱会一下班就看国乒男团决赛，还为樊振东鼓掌】北京时间8月9日晚，巴黎奥运会乒乓球男团决赛，由马龙、樊振东、王楚钦、梁靖崑（替补P卡）组成的国乒男团3比0战胜瑞典队，成功实现奥运五连冠。这也是中国代表团在巴黎奥运会上的第32块金牌。据了解，陈奕迅刚结束宁波演唱会，就迫不及待在下班路上收看国乒男团的决赛，他还发文为樊振东鼓掌。而樊振东之前就透露过，很喜欢陈奕迅的歌，“其实大家可能也知道，我喜欢听陈奕迅的歌。无论普通话还是粤语，听得都比较多。”（九派新闻）,50.1万,15,32,1234
7740515367,小谢开饭啦,广东,03/08/2024,王楚钦孙颖莎，我好爱你们，特别特别爱你们。巴黎荆棘丛生，我的心已经被划烂掉了。可是我不想留在这里，流着血我也要走出去。王楚钦孙颖莎，我们一起去晒西海岸的阳光吧！虽然中间是一个太平洋，但中途有多哈、名古屋、伦敦……我们一个一个城市走，我相信阳光会帮我们贴上止血贴。,8.2万,50,27,951
7598348815,无敌啵啵配薯条,福建,03/08/2024,在亚运会畅想未来的时候，王楚钦孙颖莎一定都没有想到巴黎会是这个样子。,3.4万,463,121,1728
7828473459,泡泡快乐制造机,福建,03/08/2024,感觉那些王楚钦迷妹像体坛小柠檬,45.7万,36,208,3697
2886358364,Eva的科技生活,北京,03/08/2024,今年奥运会关于摄影的负面新闻真不少，前面王楚钦球赛被踩断事件还没出调查结果，现在又在赛事现场开闪光灯真该注意下了,174.8万,61,129,738
1241148864,张杰,北京,30/07/2024,刚看完王楚钦孙颖莎的乒乓球决赛！夺冠啦🏆！杀青啦^_^祝中国奥运健儿们展翅高飞！,8175.5万,174796,163235,167916
3264068264,费启鸣,山东,30/07/2024,恭喜莎头！！混双首金！圆梦巴黎！！！太牛了！！太牛了！！太牛了！！太牛了！！太牛了！！太牛了！！太牛了！！太牛了！！,1006.6万,1056,1284,12184
1223081970,林依轮,湖南,30/07/2024,恭喜孙颖莎！恭喜王楚钦！中国队加油🇨🇳,813.9万,1124,1189,5608
6707356733,左林杰,北京,30/07/2024,每一场胜利都来之不易，你们是最棒的,311万,24244,10013,10444
1197199510,李艾,北京,31/07/2024,1我觉得，王楚钦就是因为拍子坏了，所以才输的球。孙悟空都是齐天大圣了，还得要称手的兵器才能降妖除魔。孩子自己检讨自己，说不能拿拍子做借口，那是他的事儿。但我们得客观。2竞技体育充满魅力，因为它就是浓缩的人生。有些委屈你不得不咽下去。拍子被踩坏了，不是你的错，但这个后果得你来扛，凭什么？就算追究责任，胜利也回不来。3世界第一面临这些也会无能为力，这也许是人生无常的其中一种。最好的结果就是，孩子自己努力，在下届奥运会把失去的拿回来。4经过失败和挫折的成长，会更磨练心性，更有韧性，更豁达，更明亮。5也许有一天，他能自己说出，一切都是最好的安排。否则，谁替他说，我都想揍他。6那个踩坏我们球拍的，能不能出来道歉。,579.3万,12723,35577,416197
7539133808,happygrassfriend,韩国,03/08/2024,大哥你们知道我看到头母说王楚钦超话签到人数吊打马龙超话签到人数时的无语程度吗，那一刻我感觉我这几天说的每一句话都毫无意义，什么32强，什么奥运会，这一切统统在签到人数这四个字面前黯然失色，第一次我感到了一种面对伪人的恐惧，我觉得我好像进入了一个平行世界，这里我所熟悉的一切都在改变，我感觉周围的人类都被蜥蜴人替换了，只要我戴上特制的眼镜就会看到所有人其实都是外星人，而我作为一个人类守着我的人类价值观无法对此说一句话,3.3万,66,46,2197
2560497310,渡边小鲜肉,浙江,29/07/2024,Wflbb，这视频笑的我，王楚钦你干嘛呢，采访的时候突然抬手腕，王楚钦：暗示的这么明显应该懂吧,344.4万,3258,2577,177019
1846722212,水木年华缪杰,四川,30/07/2024,候机室里带着老花镜认真看比赛的我们！,109万,1,23,54
3480050891,黄圣池,北京,30/07/2024,恭喜混双夺冠！！！莎头太牛了👍🏻,1010万,1128,1153,5780
1869944667,择荇,湖北,30/07/2024,王楚钦！！！！！！！！！你给我！稳住！！！！！,20万,4,17,142
1709821240,燃谷子,法国,30/07/2024,嘻嘻嘻嘻🇨🇳🇨🇳🇨🇳🏓🏓🏓,12.3万,0,0,35
1274050554,宣言Yann,浙江,30/07/2024,🇨🇳🏓拿下！！！,195.4万,11,46,207
7761627111,是你呆帝KK,山东,30/07/2024,纪念一下王楚钦痘印点赞已破200W‼️全方位的爆 ‼️,2.3万,5,6,48
1576185864,苗苗黄禾,北京,30/07/2024,巴黎奥运会乒乓球混双决赛，王楚钦/孙颖莎4-2战胜朝鲜组合李正植/金琴英，成功夺金🥇！恭喜！！,46.1万,0,3,21
3138996784,珍石部落,福建,30/07/2024,王楚钦/孙颖莎4-2朝鲜组合李正植/金琴英，取得巴黎奥运会乒乓球混双金牌！老坑冰种绿花天然翡翠手镯正圈51-12.5-8.3mmcwj:0724,13万,1,3,12
1483258537,独行侠H,广西,30/07/2024,开始了！一起见证莎头冲金时刻！一起为孙颖莎王楚钦加油！ [中国乒乓],42.9万,0,2,9
1241148864,张杰,北京,30/07/2024,刚看完王楚钦孙颖莎的乒乓球决赛！夺冠啦🏆！杀青啦^_^祝中国奥运健儿们展翅高飞！,8175.5万,174796,163235,167916
3264068264,费启鸣,山东,30/07/2024,恭喜莎头！！混双首金！圆梦巴黎！！！太牛了！！太牛了！！太牛了！！太牛了！！太牛了！！太牛了！！太牛了！！太牛了！！,1006.6万,1056,1284,12184
1223081970,林依轮,湖南,30/07/2024,恭喜孙颖莎！恭喜王楚钦！中国队加油🇨🇳,813.9万,1124,1189,5608
6707356733,左林杰,北京,30/07/2024,每一场胜利都来之不易，你们是最棒的,311万,24244,10013,10444
1908312165,武笑羽,北京,31/07/2024,我们确实爱金牌，但我们更爱为荣誉而战的你们，也会担心你们的伤和痛。加油！不哭！四年后再战！,218.3万,232,346,4298
1925062481,鹤男Her,北京,30/07/2024,莎莎大头你们太棒了！！！！！！！！爆哭…………太不容易了……,246.5万,759,1316,3451
2560497310,渡边小鲜肉,浙江,29/07/2024,Wflbb，这视频笑的我，王楚钦你干嘛呢，采访的时候突然抬手腕，王楚钦：暗示的这么明显应该懂吧,344.4万,3258,2577,177019
1846722212,水木年华缪杰,四川,30/07/2024,候机室里带着老花镜认真看比赛的我们！,109万,1,23,54
3879293449,吴尊,海外,30/07/2024,太棒了！和家人们在现场一起见证这场激动人心的比赛！🏓️也让Neinei和Max更懂了努力拼搏的意义❤️恭喜莎头组合夺得奥运会混双金牌！圆梦巴黎🏆你们值得最热烈的掌声！👏👏为你们骄傲！中国乒乓太牛了🇨🇳👍,1262.5万,5335,5474,50870
7710917480,钦钦悲伤小狗_,福建,09/07/2024,🦁 普天同庆🎉抽三个tzm送！王楚钦超话等级≥9级，付油song🍎就行,117,6,157,59
6184017883,刻骨铭心的2015年,湖北,26/06/2024,🦁 你要储存你的可爱，眷顾你的善良变得勇敢，当这个世界越来越坏时只希望你越来越好💖 头头封训辛苦啦！晚安大家晚安好梦,1.9万,6,60,115
3329910664,樊振东球迷会-天际樊星,天津,02/06/2024,【6月3日赛程预告】【1】 19:30男单决赛，樊振东 vs 王楚钦。可通过CCTV5/5+、央视频、央视体育、咪咕视频等收看比赛。樊振东加油！,91.3万,218,607,1617
7875582217,梦里头夫妇_商标注册版,江苏,03/06/2024,P1为商标局官网查询hope wang完整视频。P2为商标局工作人员回复。结论：hope wang的商标注册“广告销售类”被驳回，健身器材和日化用品已经通过初审，七月份就下发注册证。恭喜王楚钦陈梦,20.7万,5,121,1033
7504182090,侃体育新生,山东,03/06/2024,这暗戳戳地秀恩爱啊谁家混双握手还得盖章呀少年一诺千金重，混双只和孙颖莎他两无可厚非是乒乓球界的一段传奇佳话盖章为证永远不变,19.7万,24,29,752
7766034989,妍如其茗,四川,03/06/2024,单打拿两条毛巾？主打人不在毛巾陪伴？大头是你拿了妹宝的毛巾对吧 ~孙颖莎、王楚钦,5.8万,13,27,802
2132386743,晨希渺渺,吉林,03/06/2024,第一次了解到异国他乡，就他们两个人，一人一局单打，再合体混双，我的天孙颖莎 王楚钦,20.8万,145,97,3823
7556183438,WTT世界乒联,陕西,02/06/2024,男单半决赛王楚钦🇨🇳4-2邱党🇩🇪【11-5，8-11，9-11，11-8，11-5，13-11】,367.7万,5543,3509,21741
5236823068,伊利集团,北京,03/06/2024,听劝小伊又整活啦！伊利功夫装来咯！6月3日落地重庆，新品首发，现场加油呐喊～拿起产品感觉离东哥、莎莎、大头又近了～加油条幅已备好～来活动现场打卡还有超大礼盒等你拿～6月3日10:00-18:30，来重庆华熙LIVE·鱼洞，一起为乒乓球员实力叫好！,89.7万,56,97,475
1814966830,乌尔善,江苏,26/07/2024,今天在南京路演现场，收到了珍贵礼物，有一位观众赠送了国家乒乓球队队员马龙、王楚钦、樊振东、孙颖莎、陈梦和王曼昱的签名T恤。今晚奥运会开幕，我谨代表异人界预祝我们的奥运健儿取得佳绩！,73.7万,182,519,5264
1553472442,蝴蝶丸_王子清,北京,28/07/2024,远处的电视里 乒乓球比赛 ：现在来到了陈思羽对王楚钦 我听成 ：陈思宇对王子清我听见了什么？。。啥一看 哦 吓死了以为是什么谜之同名,88.1万,0,9,21
1638781994,新浪体育,北京,28/07/2024,巴黎奥运会乒乓球男单首轮即将开始，一起为头哥 加油,2477.6万,16,96,472
7262255349,王头头的小迷d,北京,19/07/2024,&amp; 理想照进现实，行动成就未来，努力不止，奋斗不息。身兼三项的王楚钦选手巴黎奥运会嗷嗷冲 头头如愿以偿，顺顺利利！晚安球球们晚安,1.5万,1,72,109
7710917480,钦钦悲伤小狗_,福建,09/07/2024,🦁 普天同庆🎉抽三个tzm送！王楚钦超话等级≥9级，付油song🍎就行,117,6,157,59
6184017883,刻骨铭心的2015年,湖北,26/06/2024,🦁 你要储存你的可爱，眷顾你的善良变得勇敢，当这个世界越来越坏时只希望你越来越好💖 头头封训辛苦啦！晚安大家晚安好梦,1.9万,6,60,115
3329910664,樊振东球迷会-天际樊星,天津,02/06/2024,【6月3日赛程预告】【1】 19:30男单决赛，樊振东 vs 王楚钦。可通过CCTV5/5+、央视频、央视体育、咪咕视频等收看比赛。樊振东加油！,91.3万,218,607,1617
7875582217,梦里头夫妇_商标注册版,江苏,03/06/2024,P1为商标局官网查询hope wang完整视频。P2为商标局工作人员回复。结论：hope wang的商标注册“广告销售类”被驳回，健身器材和日化用品已经通过初审，七月份就下发注册证。恭喜王楚钦陈梦,20.7万,5,121,1033
7504182090,侃体育新生,山东,03/06/2024,这暗戳戳地秀恩爱啊谁家混双握手还得盖章呀少年一诺千金重，混双只和孙颖莎他两无可厚非是乒乓球界的一段传奇佳话盖章为证永远不变,19.7万,24,29,752
7893625919,Douubbao,湖南,02/06/2024,王楚钦是小狗的证据༛̥⃝ʺ̤,5.1万,47,17,793
5748108824,S_H_G_,浙江,02/06/2024,王楚钦赢林高远很奇怪吗？这是巴黎周期第8次赢林高远，目前对林高远7连胜，19年全锦后跟林高远头对头是13-1输一次破防一次的原因是什么呢？我真不理解,13.6万,121,83,1130
5599502528,黑马乒乓,河南,02/06/2024,观众起哄喊Japan，裁判改分给日本，莎头组合这次真的要完了吗？,19.1万,5,2,159
1945227050,安渡林和路__,重庆,02/06/2024,宝宝闷滴船新证件照 |,4.7万,346,39,767
5495005227,互联网懒人,重庆,02/06/2024,有很多很多人爱你们,16.9万,82,39,561
1497590100,桃子-桃核,上海,02/06/2024,男单1/4决赛，。 首局初段两人打得很胶着，王楚钦逐渐发力拉开，以10-7率先拿到局点。林高远绝地反扑，连赢5分，以12-10逆转赢下首局。,118.4万,2,2,227
7503495797,再不睡着就丸噜,广东,02/06/2024,让我们一起恭喜王楚钦巴黎周期对林高远【国际赛场】保持【全胜】战绩,11万,181,121,1234
6358319495,内娱君,广东,01/06/2024,今天孙颖莎王楚钦的粉丝应援，这排场感觉比内娱还夸张,910.2万,1054,1086,4562
2266885071,波尔TimoBoll,北京,30/05/2024,问我能不能一起训练☺️赛前比赛11:9☝️谢谢王楚钦送我的告别礼物😂,76.4万,252,259,6144
6358319495,内娱君,广东,01/06/2024,今天孙颖莎王楚钦的粉丝应援，这排场感觉比内娱还夸张,910.2万,1054,1086,4562
2266885071,波尔TimoBoll,北京,30/05/2024,问我能不能一起训练☺️赛前比赛11:9☝️谢谢王楚钦送我的告别礼物😂,76.4万,252,259,6144
1436891042,体坛报,Unknown,29/05/2024,巴黎成最后一舞！43岁老将波尔将告别国际赛场，发文感谢王楚钦暖心陪练,22.8万,4,4,244
7740515367,小谢开饭啦,广东,29/05/2024,王楚钦真的是很柔软的小男孩 太多时候被他的细腻和真诚给感动到 会记住记者的生日然后不经意地留下一句生日快乐 会找到即将退役的对手和前辈打训练赛 留下对方退役前的珍贵回忆 他真的是很好的人 甚至都不用别人去叙述他的好 从无数次细节的侧写 只要有眼睛的人 只要有共情能力的人都能知道 他有多好,8.2万,72,40,1301
5621289228,0305_Fang,上海,28/05/2024,Keep believing 活出自己的人生｜,24.3万,50,8,796
7743435805,体域,广东,29/05/2024,王楚钦今天和波尔进行对拉训练，这场面让人感觉太暖心了，波叔是世界乒坛最有魅力的运动员之一，波叔是乒坛的长青树，身材也保持得很好，这或许是波尔最后一次在中国比赛了，好舍不得他退役，希望他这次在重庆能尽情去享受比赛！,93.1万,13,13,499
1267454277,凤凰周刊,Unknown,01/06/2024,【给乒乓健儿扎起！】5月30日，WTT重庆冠军赛火热开赛，巴黎奥运会倒计时不足百天，重庆街头惊现国风大巴为孙颖莎、王楚钦、樊振东加油助威：“莎莎不得虚”、“给头哥扎起”、“东哥雄起”，更有“巴黎请多指教”！一起为我们的乒乓健儿加油！,2328.2万,132,127,446
1805039540,黎璃啊__,上海,08/05/2024,🌟 从东京看台上走向巴黎球台边🦁你的努力与坚持得到了最好的回报。期待你在奥运会上展现出卓越的实力！为你自豪💫巴黎见 今天一日三赛加油,1432,5,59,134
2079751412,辽宁共青团,Unknown,07/05/2024,快速拿下！王楚钦/孙颖莎3-0战胜印度组合德赛/戈帕德，半决赛将对阵日本组合张本智和/早田希娜！(咪咕体育),217.2万,10,2,168
1002861732,李武军,山东,07/05/2024,3比0，王楚钦/孙颖莎战胜德塞/戈尔帕德，晋级沙特大满贯赛混双四强。比分为：11比6，12比10，11比4。,410.9万,6,0,546
2510926067,纵情球场,天津,07/05/2024,难怪王楚钦孙颖莎被称为天选混双，两只绝不放过任何一个搞笑机会,27.2万,5,1,41
5993403501,剧情深度剖析,北京,08/05/2024,试问：东北男人究竟有多细心？淮河以北的男人到底有多浪漫？王楚钦孙颖莎#,40.6万,4,1,27
7403905779,新新快递到啦,河北,08/05/2024,🥯 楚变不惊任浪滔 钦耳拭目迎新高🏓王楚钦继续加油！！,1123,1,58,70
6352296994,小胖yohkoh,浙江,07/05/2024,期待樊振东 巴黎见 樊振东沙特大满贯比赛加油 「20230523德班世乒赛训练」东东午安 比赛加油繁星晚好拍摄 from神仙姐妹后期 yohkoh,22.6万,21,27,300
5518877844,给钦两颗西柚_,沙特阿拉伯,07/05/2024,🦁 别管了 我先嘶哈～,5130,10,20,36
6506435720,LodovicoIrene,阿联酋,07/05/2024,乒协公布上里约上东京的是马龙的时候全民热议是马龙，乒协公布上巴黎不能是马龙的时候全平台热搜还是只有马龙，评论里路人甚至懒得问一句上的是谁反正不认识，你乒唯一巨星的整个职业生涯都是全民讨论见证的，老百姓都能给他写传记，对马龙伦敦巴黎为什么没上都能茶余饭后说的头头是道，大谈马龙怎么被梯队建设所害，一群没人认识毫无国民度的马龙三圈背景板乖乖认命好吧，你以为的职业巅峰结果大家讨论关注的只有马龙别把你气晕了,6万,13,5,271
5016909851,星辰陷落有嘉木,海南,07/05/2024,期待巴黎奥运会,1.4万,24,25,35
1805039540,黎璃啊__,上海,08/05/2024,🌟 从东京看台上走向巴黎球台边🦁你的努力与坚持得到了最好的回报。期待你在奥运会上展现出卓越的实力！为你自豪💫巴黎见 今天一日三赛加油,1432,5,59,134
2079751412,辽宁共青团,Unknown,07/05/2024,快速拿下！王楚钦/孙颖莎3-0战胜印度组合德赛/戈帕德，半决赛将对阵日本组合张本智和/早田希娜！(咪咕体育),217.2万,10,2,168
1002861732,李武军,山东,07/05/2024,3比0，王楚钦/孙颖莎战胜德塞/戈尔帕德，晋级沙特大满贯赛混双四强。比分为：11比6，12比10，11比4。,410.9万,6,0,546
2510926067,纵情球场,天津,07/05/2024,难怪王楚钦孙颖莎被称为天选混双，两只绝不放过任何一个搞笑机会,27.2万,5,1,41
5993403501,剧情深度剖析,北京,08/05/2024,试问：东北男人究竟有多细心？淮河以北的男人到底有多浪漫？王楚钦孙颖莎#,40.6万,4,1,27
7403905779,新新快递到啦,河北,08/05/2024,🥯 楚变不惊任浪滔 钦耳拭目迎新高🏓王楚钦继续加油！！,1123,1,58,70
6352296994,小胖yohkoh,浙江,07/05/2024,期待樊振东 巴黎见 樊振东沙特大满贯比赛加油 「20230523德班世乒赛训练」东东午安 比赛加油繁星晚好拍摄 from神仙姐妹后期 yohkoh,22.6万,21,27,300
5518877844,给钦两颗西柚_,沙特阿拉伯,07/05/2024,🦁 别管了 我先嘶哈～,5130,10,20,36
7893721128,starrism_ki,韩国,24/02/2024,胸前是🇨🇳心中是无比坚定的信念继续向前冲吧 王楚钦！,16.6万,1793,335,7721
3928217853,娱乐圈半仙,湖南,26/12/2023,巴黎男单冠军王楚钦，亚军樊振东。巴黎女单冠军王曼昱，亚军孙颖莎。不相信的话，奥运会后来看吧！,45.5万,48,1141,5688
7437631681,你球我球,湖北,25/09/2023,王楚钦，教练没有错信你,39.1万,1276,286,8534
7383154868,我叫木须肉,辽宁,05/06/2023,你们开心 我就开心 健康 平安 顺利。 莎头全肯定bot 莎头毒唯 放个箱子有时间来找我说说悄悄话📪最好的双子星 我们不说永远,5264,23,107,208
6742405919,薛歌手爱吃小水果_,四川,01/01/2023,—— 我最最最爱的你。 ❄️❄️❄️—— 开心打球。 🐱🐶,426,0,63,205
6861829294,界外编辑部,北京,29/09/2023,他们被称为“创业父子”，但是性格却完全不同。王楚钦曾经的主管教练刘国正说，“大头”这一年成熟了，在球场上也更稳了。虽然已经离开国乒，但是刘国正仍然关注着这个曾经最“毛躁”的徒弟。一身锋芒的王楚钦有没有惹怒刘指导的时候？刘国正揭秘：“有，我真生气的时候就不看他训练了，去旁边看别人练。训练结束他会小心翼翼地来试探我，比如‘刘指导，我今天身体状态不太好’，想看看我到底生气到哪个程度，所以大头很聪明。”明天《界外》专访刘国正上线，一起来听听好脾气教练在调教王楚钦时还用了什么招。,217.6万,1801,681,17410
